{
  "type": "Feature",
  "properties": {
    "name": "Madrid",
    "slug": "madrid-municipio",
    "source": "https://datos.madrid.es/dataset/900012-0-limites-administrativos-mapas/downloads",
    "sourceChecksum": "sha256:cb6425e4f4c2e71f720ae54d5cffff9a45d6f6f519d9755325544d42d95c5c09"
  },
  "geometry": {
    "type": "MultiPolygon",
    "coordinates": [
      [
        [
          [
            -3.644476823072058,
            40.63809460102602
          ],
          [
            -3.644866833589071,
            40.638344608574215
          ],
          [
            -3.645026837903743,
            40.638454611895426
          ],
          [
            -3.645226843297083,
            40.638604616424345
          ],
          [
            -3.645926862173773,
            40.6391246321246
          ],
          [
            -3.646856887252804,
            40.63981465295763
          ],
          [
            -3.646926889140473,
            40.639864654467274
          ],
          [
            -3.646986890758475,
            40.63990465567498
          ],
          [
            -3.647026891837143,
            40.63993465658077
          ],
          [
            -3.6470968937248123,
            40.63999465839233
          ],
          [
            -3.647226897230483,
            40.64011466201547
          ],
          [
            -3.647616907747496,
            40.64047467288488
          ],
          [
            -3.647886915028505,
            40.64070467982923
          ],
          [
            -3.648226924197183,
            40.64101468918899
          ],
          [
            -3.6483469274331872,
            40.64111469220827
          ],
          [
            -3.6483669279725213,
            40.641124692510196
          ],
          [
            -3.648486931208525,
            40.64120469492563
          ],
          [
            -3.64853693255686,
            40.64123469583141
          ],
          [
            -3.648646935523197,
            40.64131469824683
          ],
          [
            -3.648726937680533,
            40.6413747000584
          ],
          [
            -3.648756938489534,
            40.641394700662254
          ],
          [
            -3.648866941455871,
            40.64143470186997
          ],
          [
            -3.648866941455871,
            40.64143470186997
          ],
          [
            -3.649126948467213,
            40.64154470519117
          ],
          [
            -3.649616961680896,
            40.641744711229734
          ],
          [
            -3.6502869797485853,
            40.64198471847601
          ],
          [
            -3.65093699727694,
            40.64222472572228
          ],
          [
            -3.6513270077939532,
            40.64236472994927
          ],
          [
            -3.6515370134569602,
            40.64243473206277
          ],
          [
            -3.65193702424364,
            40.64257473628976
          ],
          [
            -3.652217031794316,
            40.64265473870518
          ],
          [
            -3.6526170425809963,
            40.64271474051675
          ],
          [
            -3.6528070477046692,
            40.64274474142253
          ],
          [
            -3.6536470703566972,
            40.64289474595146
          ],
          [
            -3.6549471054134073,
            40.64313475319773
          ],
          [
            -3.655427118357423,
            40.64322475591508
          ],
          [
            -3.655707125908099,
            40.64327475742472
          ],
          [
            -3.655877130492438,
            40.64324475651893
          ],
          [
            -3.655897131031772,
            40.64324475651893
          ],
          [
            -3.655957132649774,
            40.643234756217005
          ],
          [
            -3.656147137773447,
            40.642944747461094
          ],
          [
            -3.6562071393914493,
            40.64291474655531
          ],
          [
            -3.656467146402791,
            40.64281474353603
          ],
          [
            -3.656757154223134,
            40.642704740214825
          ],
          [
            -3.6570571623131443,
            40.642594736893614
          ],
          [
            -3.657397171481822,
            40.64246473296855
          ],
          [
            -3.6576771790324982,
            40.642354729647344
          ],
          [
            -3.65803718874051,
            40.64222472572228
          ],
          [
            -3.658497201145192,
            40.642054720589506
          ],
          [
            -3.65903721570721,
            40.6416247076066
          ],
          [
            -3.659247221370217,
            40.641444702171896
          ],
          [
            -3.659327223527553,
            40.6413747000584
          ],
          [
            -3.6594072256848893,
            40.64131469824683
          ],
          [
            -3.659757235123234,
            40.64104469009477
          ],
          [
            -3.6602672488762513,
            40.64063467771573
          ],
          [
            -3.6604572539999243,
            40.640484673186805
          ],
          [
            -3.660797263168602,
            40.640214665034755
          ],
          [
            -3.6611072715282793,
            40.63996465748655
          ],
          [
            -3.661357278269954,
            40.63976465144799
          ],
          [
            -3.661687287168965,
            40.63950464359787
          ],
          [
            -3.661697287438632,
            40.63949464329593
          ],
          [
            -3.6617572890566343,
            40.63941464088051
          ],
          [
            -3.661817290674636,
            40.63933463846509
          ],
          [
            -3.661907293101639,
            40.63922463514388
          ],
          [
            -3.661997295528642,
            40.63892462608604
          ],
          [
            -3.662007295798309,
            40.63890462548218
          ],
          [
            -3.6621572998433143,
            40.638434611291565
          ],
          [
            -3.662187300652315,
            40.638344608574215
          ],
          [
            -3.662227301730983,
            40.63822460495108
          ],
          [
            -3.662257302539984,
            40.638144602535654
          ],
          [
            -3.662307303888319,
            40.63804459951638
          ],
          [
            -3.6623573052366543,
            40.637964597100954
          ],
          [
            -3.662407306584989,
            40.63788459468553
          ],
          [
            -3.662457307933324,
            40.63782459287396
          ],
          [
            -3.662457307933324,
            40.63782459287396
          ],
          [
            -3.66283731818067,
            40.63739457989106
          ],
          [
            -3.66303732357401,
            40.63716457294671
          ],
          [
            -3.663107325461679,
            40.637084570531286
          ],
          [
            -3.663277330046018,
            40.63689456479466
          ],
          [
            -3.664097352158712,
            40.63596453671535
          ],
          [
            -3.664307357821719,
            40.63572452946908
          ],
          [
            -3.664447361597057,
            40.635534523732446
          ],
          [
            -3.665487389642425,
            40.634194483274094
          ],
          [
            -3.6657573969234343,
            40.633784470895044
          ],
          [
            -3.6672174362948162,
            40.63132439662076
          ],
          [
            -3.667297438452152,
            40.63118439239377
          ],
          [
            -3.667387440879155,
            40.63100438695906
          ],
          [
            -3.667547445193827,
            40.630644376089656
          ],
          [
            -3.667987457059175,
            40.629684347104565
          ],
          [
            -3.668007457598509,
            40.629624345293
          ],
          [
            -3.66833746649752,
            40.62891432385611
          ],
          [
            -3.668367467306521,
            40.62866431630791
          ],
          [
            -3.668417468654856,
            40.628334306344286
          ],
          [
            -3.6685374718908603,
            40.62746428007655
          ],
          [
            -3.668547472160527,
            40.6273742773592
          ],
          [
            -3.6685074710818593,
            40.62703426709365
          ],
          [
            -3.6685074710818593,
            40.62615424052398
          ],
          [
            -3.6685074710818593,
            40.62592423357964
          ],
          [
            -3.668377467576188,
            40.625644225125654
          ],
          [
            -3.668217463261516,
            40.6253042148601
          ],
          [
            -3.6676874489691653,
            40.62416418044031
          ],
          [
            -3.667407441418489,
            40.62357416262656
          ],
          [
            -3.667347439800487,
            40.623444158701496
          ],
          [
            -3.667097433058812,
            40.62291414269931
          ],
          [
            -3.6670474317104773,
            40.62281413968003
          ],
          [
            -3.6670274311711433,
            40.62275413786846
          ],
          [
            -3.666957429283474,
            40.62253413122605
          ],
          [
            -3.666917428204806,
            40.62232412488556
          ],
          [
            -3.666847426317137,
            40.62191411250651
          ],
          [
            -3.6668274257778033,
            40.621804109185305
          ],
          [
            -3.666787424699135,
            40.6215541016371
          ],
          [
            -3.6667374233508,
            40.621254092579264
          ],
          [
            -3.6666274203844633,
            40.62065407446358
          ],
          [
            -3.6665874193057952,
            40.62042406751924
          ],
          [
            -3.666527417687793,
            40.620054056347904
          ],
          [
            -3.6666174201147963,
            40.61982404940356
          ],
          [
            -3.666687422002465,
            40.619734046686204
          ],
          [
            -3.6668074252384693,
            40.61957404185536
          ],
          [
            -3.6668074252384693,
            40.61957404185536
          ],
          [
            -3.668547472160527,
            40.618734016493406
          ],
          [
            -3.670897535532272,
            40.61760398237554
          ],
          [
            -3.671107541195279,
            40.617503979356265
          ],
          [
            -3.671177543082948,
            40.61747397845048
          ],
          [
            -3.671227544431283,
            40.61745397784662
          ],
          [
            -3.671347547667287,
            40.61742397694084
          ],
          [
            -3.671447550363957,
            40.61739397603505
          ],
          [
            -3.671547553060627,
            40.61736397512927
          ],
          [
            -3.671857561420304,
            40.61728397271385
          ],
          [
            -3.672177570049648,
            40.61719396999649
          ],
          [
            -3.673087594589345,
            40.616943962448296
          ],
          [
            -3.67353760672436,
            40.61682395882516
          ],
          [
            -3.673657609960364,
            40.61677395731552
          ],
          [
            -3.674317627758386,
            40.61653395006925
          ],
          [
            -3.674487632342725,
            40.61646394795575
          ],
          [
            -3.674557634230394,
            40.61643394704997
          ],
          [
            -3.674617635848396,
            40.61640394614418
          ],
          [
            -3.6747376390844,
            40.61631394342683
          ],
          [
            -3.674947644747407,
            40.61609393678442
          ],
          [
            -3.6752776536464182,
            40.61573392591501
          ],
          [
            -3.6752776536464182,
            40.61573392591501
          ],
          [
            -3.6752776536464182,
            40.61572392561308
          ],
          [
            -3.6752776536464182,
            40.61571392531115
          ],
          [
            -3.675267653376751,
            40.61568392440537
          ],
          [
            -3.675267653376751,
            40.61567392410344
          ],
          [
            -3.675267653376751,
            40.61566392380151
          ],
          [
            -3.6752776536464182,
            40.615653923499586
          ],
          [
            -3.6752876539160853,
            40.61564392319765
          ],
          [
            -3.6753076544554193,
            40.6156239225938
          ],
          [
            -3.675567661466761,
            40.615343914139814
          ],
          [
            -3.675797667669102,
            40.61509390659162
          ],
          [
            -3.675887670096105,
            40.61507390598776
          ],
          [
            -3.6761276765681132,
            40.614803897835706
          ],
          [
            -3.676207678725449,
            40.61470389481642
          ],
          [
            -3.67623767953445,
            40.614663893608714
          ],
          [
            -3.676257680073784,
            40.61459389149522
          ],
          [
            -3.676277680613118,
            40.61456389058943
          ],
          [
            -3.676467685736791,
            40.61435388424894
          ],
          [
            -3.676647690590797,
            40.61413387760653
          ],
          [
            -3.6767976946358023,
            40.61395387217183
          ],
          [
            -3.677267707310151,
            40.613403855565785
          ],
          [
            -3.677747720254167,
            40.612853838959744
          ],
          [
            -3.678127730501513,
            40.612403825372986
          ],
          [
            -3.678347736434187,
            40.61215381782478
          ],
          [
            -3.678577742636528,
            40.611883809672726
          ],
          [
            -3.678747747220867,
            40.6116938039361
          ],
          [
            -3.67893775234454,
            40.61147379729368
          ],
          [
            -3.6790977566592122,
            40.61128379155705
          ],
          [
            -3.679177758816548,
            40.611183788537765
          ],
          [
            -3.679277761513218,
            40.61111378642427
          ],
          [
            -3.679427765558223,
            40.61101378340499
          ],
          [
            -3.679617770681896,
            40.610873779178
          ],
          [
            -3.6797477741875673,
            40.61082377766836
          ],
          [
            -3.6799777803899083,
            40.61073377495101
          ],
          [
            -3.680227787131583,
            40.61063377193173
          ],
          [
            -3.6805877968395952,
            40.610483767402805
          ],
          [
            -3.680977807356608,
            40.61032376257196
          ],
          [
            -3.6812578149072843,
            40.610213759250755
          ],
          [
            -3.68183783054797,
            40.609983752306405
          ],
          [
            -3.682177839716648,
            40.60984374807941
          ],
          [
            -3.68233784403132,
            40.609783746267844
          ],
          [
            -3.682377845109988,
            40.60976374566399
          ],
          [
            -3.682627851851663,
            40.60966374264471
          ],
          [
            -3.683267869110351,
            40.60941373509651
          ],
          [
            -3.683657879627364,
            40.60926373056759
          ],
          [
            -3.6840278896050433,
            40.6091237263406
          ],
          [
            -3.684547903627727,
            40.60891372000011
          ],
          [
            -3.684717908212066,
            40.608843717886614
          ],
          [
            -3.6850279165717432,
            40.60868371305577
          ],
          [
            -3.6852679230437513,
            40.60848370701721
          ],
          [
            -3.685517929785426,
            40.60827370067672
          ],
          [
            -3.686017943268776,
            40.60788368890153
          ],
          [
            -3.686417954055456,
            40.60757367954176
          ],
          [
            -3.6869879694264753,
            40.607123665955
          ],
          [
            -3.6871879748198153,
            40.606963661124155
          ],
          [
            -3.687357979404154,
            40.60683365719909
          ],
          [
            -3.687547984527827,
            40.60660365025474
          ],
          [
            -3.687717989112166,
            40.606293640894975
          ],
          [
            -3.687847992617837,
            40.606053633648706
          ],
          [
            -3.6880079969325092,
            40.605763624892795
          ],
          [
            -3.688148000707847,
            40.605503617042665
          ],
          [
            -3.688258003674184,
            40.60532361160796
          ],
          [
            -3.688308005022519,
            40.605243609192534
          ],
          [
            -3.688378006910188,
            40.605123605569396
          ],
          [
            -3.688808018505869,
            40.60440358383058
          ],
          [
            -3.688998023629542,
            40.60408357416889
          ],
          [
            -3.68923803010155,
            40.60367356178984
          ],
          [
            -3.6894980371128923,
            40.60323354850501
          ],
          [
            -3.690258057607584,
            40.60194350955629
          ],
          [
            -3.6903380597649202,
            40.6018035053293
          ],
          [
            -3.69043806246159,
            40.60163350019653
          ],
          [
            -3.69053806515826,
            40.60147349536568
          ],
          [
            -3.690608067045929,
            40.60132349083676
          ],
          [
            -3.69063806785493,
            40.601253488723266
          ],
          [
            -3.690658068394264,
            40.6011934869117
          ],
          [
            -3.6907680713606013,
            40.60086347694807
          ],
          [
            -3.691658095360964,
            40.598243397842936
          ],
          [
            -3.691748097787967,
            40.59799339029473
          ],
          [
            -3.6918280999453033,
            40.59775338304846
          ],
          [
            -3.6918581007543043,
            40.59768338093497
          ],
          [
            -3.69193810291164,
            40.597513375802194
          ],
          [
            -3.691978103990308,
            40.59742337308484
          ],
          [
            -3.6920481058779773,
            40.597303369461706
          ],
          [
            -3.692808126372669,
            40.59597332930528
          ],
          [
            -3.692858127721004,
            40.59588332658793
          ],
          [
            -3.694008158732709,
            40.5938732659004
          ],
          [
            -3.6941481625080472,
            40.59363325865413
          ],
          [
            -3.694258165474384,
            40.593443252917496
          ],
          [
            -3.6943881689800553,
            40.59321324597315
          ],
          [
            -3.69453817302506,
            40.592943237821096
          ],
          [
            -3.694648175991397,
            40.59275323208446
          ],
          [
            -3.694778179497068,
            40.59252322514012
          ],
          [
            -3.694898182733072,
            40.59231321879963
          ],
          [
            -3.6950381865084103,
            40.5920532109495
          ],
          [
            -3.6952081910927492,
            40.59176320219359
          ],
          [
            -3.695368195407421,
            40.591483193739606
          ],
          [
            -3.695548200261427,
            40.591163184077914
          ],
          [
            -3.695718204845766,
            40.59086317502007
          ],
          [
            -3.695948211048107,
            40.59046316294295
          ],
          [
            -3.696048213744777,
            40.590283157508246
          ],
          [
            -3.696178217250448,
            40.59007315116776
          ],
          [
            -3.696258219407784,
            40.589963147846554
          ],
          [
            -3.6962882202167853,
            40.58992314663884
          ],
          [
            -3.696428223992123,
            40.58983314392149
          ],
          [
            -3.6966982312731322,
            40.58968313939257
          ],
          [
            -3.696858235587804,
            40.589603136977146
          ],
          [
            -3.697058240981144,
            40.589493133655935
          ],
          [
            -3.697448251498157,
            40.589293127617374
          ],
          [
            -3.697858262554504,
            40.589083121276886
          ],
          [
            -3.698298274419852,
            40.58886311463447
          ],
          [
            -3.698708285476199,
            40.58865310829398
          ],
          [
            -3.698978292757208,
            40.58851310406699
          ],
          [
            -3.699398304083222,
            40.588293097424575
          ],
          [
            -3.699788314600235,
            40.588093091386014
          ],
          [
            -3.7003083286229193,
            40.58782308323396
          ],
          [
            -3.700378330510588,
            40.58777308172432
          ],
          [
            -3.7007483404882673,
            40.587593076289615
          ],
          [
            -3.701078349387278,
            40.58742307115684
          ],
          [
            -3.7013583569379542,
            40.58728306692985
          ],
          [
            -3.701528361522293,
            40.58719306421249
          ],
          [
            -3.7017383671853,
            40.58708306089129
          ],
          [
            -3.7018283696123033,
            40.587033059381646
          ],
          [
            -3.701918372039306,
            40.586983057872004
          ],
          [
            -3.7019983741966422,
            40.58693305636237
          ],
          [
            -3.702188379320315,
            40.58681305273923
          ],
          [
            -3.7024483863316573,
            40.5866230470026
          ],
          [
            -3.702908398736339,
            40.58629303703898
          ],
          [
            -3.703258408174684,
            40.58603302918885
          ],
          [
            -3.703668419231031,
            40.585743020432936
          ],
          [
            -3.7041284316357133,
            40.58541301046931
          ],
          [
            -3.7043584378380543,
            40.585253005638464
          ],
          [
            -3.704658445928064,
            40.58503299899605
          ],
          [
            -3.7047384480854,
            40.58497299718448
          ],
          [
            -3.7049684542877412,
            40.5848729941652
          ],
          [
            -3.705148459141747,
            40.584802992051706
          ],
          [
            -3.70533846426542,
            40.58471298933435
          ],
          [
            -3.705348464535087,
            40.583812962160835
          ],
          [
            -3.705348464535087,
            40.58356295461263
          ],
          [
            -3.705348464535087,
            40.58300293770466
          ],
          [
            -3.7058184772094362,
            40.58303293861045
          ],
          [
            -3.707588524940495,
            40.58317294283744
          ],
          [
            -3.70783853168217,
            40.58378296125505
          ],
          [
            -3.70853855055886,
            40.58354295400878
          ],
          [
            -3.710788611233935,
            40.583142941931655
          ],
          [
            -3.710968616087941,
            40.5831229413278
          ],
          [
            -3.7111486209419473,
            40.58310294072395
          ],
          [
            -3.711298624986952,
            40.583082940120086
          ],
          [
            -3.711428628492623,
            40.58307293981816
          ],
          [
            -3.7115886328072953,
            40.58310294072395
          ],
          [
            -3.71293866921234,
            40.58332294736636
          ],
          [
            -3.713648688358697,
            40.58303293861045
          ],
          [
            -3.714478710741058,
            40.58268292804297
          ],
          [
            -3.715978751191108,
            40.58282293226996
          ],
          [
            -3.7164187630564562,
            40.58286293347767
          ],
          [
            -3.717188783820815,
            40.58292293528924
          ],
          [
            -3.718228811866183,
            40.582552924117905
          ],
          [
            -3.718598821843862,
            40.58242292019284
          ],
          [
            -3.719358842338554,
            40.58215291204078
          ],
          [
            -3.720598875777262,
            40.58224291475813
          ],
          [
            -3.721368896541621,
            40.5826229262314
          ],
          [
            -3.7219289116429732,
            40.58278293106225
          ],
          [
            -3.723378950744688,
            40.5831929434413
          ],
          [
            -3.723528954789693,
            40.583232944649005
          ],
          [
            -3.72463898472273,
            40.583552954310704
          ],
          [
            -3.724988994161075,
            40.58365295732998
          ],
          [
            -3.725949020049107,
            40.58392296548204
          ],
          [
            -3.7263990321841223,
            40.584052969407104
          ],
          [
            -3.7266090378471293,
            40.58411297121867
          ],
          [
            -3.7272290545664832,
            40.58429297665337
          ],
          [
            -3.727699067240832,
            40.584432980880365
          ],
          [
            -3.7281290788365133,
            40.58456298480543
          ],
          [
            -3.729089104724545,
            40.584892994769056
          ],
          [
            -3.729749122522567,
            40.5851230017134
          ],
          [
            -3.729959128185574,
            40.58514300231725
          ],
          [
            -3.730159133578914,
            40.58517300322304
          ],
          [
            -3.730399140050922,
            40.58520300412882
          ],
          [
            -3.730579144904928,
            40.58522300473268
          ],
          [
            -3.730979155691608,
            40.58527300624232
          ],
          [
            -3.73223918966965,
            40.58542301077124
          ],
          [
            -3.732719202613666,
            40.58535300865774
          ],
          [
            -3.733099212861012,
            40.585303007148106
          ],
          [
            -3.733499223647692,
            40.585363008959675
          ],
          [
            -3.73363922742303,
            40.58538300956353
          ],
          [
            -3.733919234973706,
            40.58541301046931
          ],
          [
            -3.734189242254715,
            40.58549301288473
          ],
          [
            -3.7342792446817183,
            40.585513013488594
          ],
          [
            -3.734399247917722,
            40.58553301409245
          ],
          [
            -3.734499250614392,
            40.5855530146963
          ],
          [
            -3.734919261940406,
            40.585633017111725
          ],
          [
            -3.7350992667944123,
            40.58566301801751
          ],
          [
            -3.735259271109084,
            40.585693018923294
          ],
          [
            -3.735459276502424,
            40.58571301952715
          ],
          [
            -3.735769284862101,
            40.585743020432936
          ],
          [
            -3.736489304278125,
            40.58593302616957
          ],
          [
            -3.7371993234244822,
            40.58610303130234
          ],
          [
            -3.737669336098831,
            40.586303037340905
          ],
          [
            -3.7380993476945124,
            40.586503043379466
          ],
          [
            -3.7384893582115253,
            40.58697305757008
          ],
          [
            -3.7389093695375393,
            40.58783308353589
          ],
          [
            -3.7390993746612122,
            40.58808309108409
          ],
          [
            -3.739619388683896,
            40.58932312852316
          ],
          [
            -3.740749419156267,
            40.590663168981514
          ],
          [
            -3.742189457988315,
            40.591043180454776
          ],
          [
            -3.743659497629364,
            40.59142319192804
          ],
          [
            -3.744299514888052,
            40.59159319706082
          ],
          [
            -3.745319542394086,
            40.59190320642058
          ],
          [
            -3.745729553450433,
            40.592213215780355
          ],
          [
            -3.7457395537201,
            40.592213215780355
          ],
          [
            -3.749189646755215,
            40.59272323117868
          ],
          [
            -3.750079670755578,
            40.592453223026624
          ],
          [
            -3.750459681002924,
            40.592803233594104
          ],
          [
            -3.752129726037313,
            40.59436328069487
          ],
          [
            -3.752149726576647,
            40.594383281298725
          ],
          [
            -3.752229728733983,
            40.59443328280837
          ],
          [
            -3.7528897465320052,
            40.594793293677775
          ],
          [
            -3.753579765139028,
            40.59478329337585
          ],
          [
            -3.754259783476384,
            40.59502330062212
          ],
          [
            -3.75703985844381,
            40.595993329909135
          ],
          [
            -3.757309865724819,
            40.59609333292842
          ],
          [
            -3.757609873814829,
            40.596083332626485
          ],
          [
            -3.7577798783991683,
            40.596083332626485
          ],
          [
            -3.758389894848855,
            40.5961233338342
          ],
          [
            -3.7583998951185222,
            40.5961233338342
          ],
          [
            -3.7584098953881893,
            40.5961233338342
          ],
          [
            -3.758769905096201,
            40.59639334198626
          ],
          [
            -3.758929909410873,
            40.596513345609395
          ],
          [
            -3.758979910759208,
            40.5965533468171
          ],
          [
            -3.759179916152548,
            40.596693351044095
          ],
          [
            -3.759389921815555,
            40.59681335466723
          ],
          [
            -3.759779932332568,
            40.59703336130965
          ],
          [
            -3.760159942579914,
            40.597123364027
          ],
          [
            -3.760599954445262,
            40.59722336704628
          ],
          [
            -3.760809960108269,
            40.59727336855592
          ],
          [
            -3.761479978175958,
            40.59753337640605
          ],
          [
            -3.762089994625645,
            40.59777338365232
          ],
          [
            -3.76213999597398,
            40.59779338425618
          ],
          [
            -3.76304002024401,
            40.598043391804374
          ],
          [
            -3.7635000326486923,
            40.59817339572944
          ],
          [
            -3.763860042356704,
            40.59827339874872
          ],
          [
            -3.7641300496377132,
            40.59834340086221
          ],
          [
            -3.765160077413414,
            40.59842340327764
          ],
          [
            -3.765250079840417,
            40.598453404183424
          ],
          [
            -3.765890097099105,
            40.59866341052391
          ],
          [
            -3.766200105458782,
            40.59881341505283
          ],
          [
            -3.767220132964816,
            40.59932343045116
          ],
          [
            -3.7675401415941603,
            40.59947343498008
          ],
          [
            -3.768080156156178,
            40.599683441320565
          ],
          [
            -3.768960179886874,
            40.59978344433985
          ],
          [
            -3.769370190943221,
            40.59983344584949
          ],
          [
            -3.7698702044265713,
            40.59989344766105
          ],
          [
            -3.770230214134583,
            40.599943449170695
          ],
          [
            -3.7705102216852593,
            40.59997345007648
          ],
          [
            -3.7709102324719392,
            40.60002345158612
          ],
          [
            -3.771310243258619,
            40.60007345309576
          ],
          [
            -3.7718102567419693,
            40.60013345490733
          ],
          [
            -3.772380272112988,
            40.600203457020825
          ],
          [
            -3.772690280472665,
            40.600263458832394
          ],
          [
            -3.773150292877347,
            40.600353461549744
          ],
          [
            -3.7737003077090323,
            40.60046346487095
          ],
          [
            -3.774220321731716,
            40.60056346789023
          ],
          [
            -3.774620332518396,
            40.60066347090951
          ],
          [
            -3.774930340878073,
            40.60075347362687
          ],
          [
            -3.775300350855752,
            40.600853476646144
          ],
          [
            -3.77534035193442,
            40.60086347694807
          ],
          [
            -3.775680361103098,
            40.60095347966542
          ],
          [
            -3.7764403815977903,
            40.60117348630784
          ],
          [
            -3.7770803988564783,
            40.60135349174254
          ],
          [
            -3.7781704282501813,
            40.601733503215804
          ],
          [
            -3.77884044631787,
            40.60174350351774
          ],
          [
            -3.779690469239565,
            40.60116348600591
          ],
          [
            -3.780390488116255,
            40.60101348147699
          ],
          [
            -3.7809205024086063,
            40.60091347845771
          ],
          [
            -3.7815405191279603,
            40.6008034751365
          ],
          [
            -3.7821705361169813,
            40.60145349476182
          ],
          [
            -3.782710550678999,
            40.60170350231002
          ],
          [
            -3.783390569016355,
            40.601753503819666
          ],
          [
            -3.783900582769372,
            40.601403493252185
          ],
          [
            -3.784370595443721,
            40.60106348298663
          ],
          [
            -3.7849306105450733,
            40.60046346487095
          ],
          [
            -3.7855606275340943,
            40.600383462455525
          ],
          [
            -3.7862306456017834,
            40.60036346185167
          ],
          [
            -3.787150670411147,
            40.59993344886877
          ],
          [
            -3.787990693063175,
            40.59954343709357
          ],
          [
            -3.7889607192208743,
            40.59908342320489
          ],
          [
            -3.7898207424122363,
            40.59897341988368
          ],
          [
            -3.7902207531989163,
            40.59902342139332
          ],
          [
            -3.790760767760934,
            40.59910342380874
          ],
          [
            -3.7910707761206113,
            40.59914342501646
          ],
          [
            -3.7919007985029722,
            40.59926342863959
          ],
          [
            -3.792190806323315,
            40.59931343014923
          ],
          [
            -3.792830823582003,
            40.59945343437622
          ],
          [
            -3.7940408562117103,
            40.599763443735995
          ],
          [
            -3.7944608675377243,
            40.59981344524563
          ],
          [
            -3.795220888032416,
            40.59990344796299
          ],
          [
            -3.79564089935843,
            40.59989344766105
          ],
          [
            -3.7959409074484403,
            40.59989344766105
          ],
          [
            -3.796650926594797,
            40.5998734470572
          ],
          [
            -3.797150940078147,
            40.5996934416225
          ],
          [
            -3.797570951404161,
            40.59940343286658
          ],
          [
            -3.797780957067168,
            40.599243428035734
          ],
          [
            -3.798410974056189,
            40.598803414750904
          ],
          [
            -3.79854097756186,
            40.59873341263741
          ],
          [
            -3.799030990775543,
            40.598483405089205
          ],
          [
            -3.799681008303898,
            40.59858340810849
          ],
          [
            -3.799821012079236,
            40.59861340901427
          ],
          [
            -3.80044102879859,
            40.59876341354319
          ],
          [
            -3.8010210444392762,
            40.59888341716633
          ],
          [
            -3.8025010843499922,
            40.59888341716633
          ],
          [
            -3.802901095136672,
            40.5988734168644
          ],
          [
            -3.803261104844684,
            40.5988734168644
          ],
          [
            -3.803431109429023,
            40.598983420185604
          ],
          [
            -3.8034011086200223,
            40.5990534222991
          ],
          [
            -3.803221103766016,
            40.59940343286658
          ],
          [
            -3.803091100260345,
            40.599653440414784
          ],
          [
            -3.803011098103009,
            40.5998034449437
          ],
          [
            -3.802881094597338,
            40.60006345279383
          ],
          [
            -3.802831093249003,
            40.600143455209256
          ],
          [
            -3.802811092709669,
            40.6001934567189
          ],
          [
            -3.8025010843499922,
            40.60077347423072
          ],
          [
            -3.802421082192656,
            40.60093347906157
          ],
          [
            -3.8023010789566523,
            40.60116348600591
          ],
          [
            -3.802131074372313,
            40.60148349566761
          ],
          [
            -3.801961069787974,
            40.60177350442352
          ],
          [
            -3.8016910625069653,
            40.60226351921799
          ],
          [
            -3.8014410557652902,
            40.60268353189897
          ],
          [
            -3.801311052259619,
            40.60290353854138
          ],
          [
            -3.801001043899942,
            40.603453555147425
          ],
          [
            -3.800891040933605,
            40.60364356088406
          ],
          [
            -3.800501030416592,
            40.60431358111323
          ],
          [
            -3.8001910220569153,
            40.60484359711542
          ],
          [
            -3.8001910220569153,
            40.604853597417346
          ],
          [
            -3.8004010277199223,
            40.605913629421714
          ],
          [
            -3.801571059270961,
            40.60636364300847
          ],
          [
            -3.802051072214977,
            40.606323641800756
          ],
          [
            -3.802911095406339,
            40.606613650556675
          ],
          [
            -3.803201103226682,
            40.60671365357595
          ],
          [
            -3.80384112048537,
            40.60692365991644
          ],
          [
            -3.804711143946399,
            40.607203668370424
          ],
          [
            -3.804751145025067,
            40.60721366867235
          ],
          [
            -3.8048311471824032,
            40.60726367018199
          ],
          [
            -3.80544116363209,
            40.60765368195718
          ],
          [
            -3.805601167946762,
            40.607753684976466
          ],
          [
            -3.8057311714524333,
            40.60783368739189
          ],
          [
            -3.805791173070435,
            40.60786368829767
          ],
          [
            -3.805981178194108,
            40.607933690411166
          ],
          [
            -3.8061111816997792,
            40.608053694034304
          ],
          [
            -3.8061211819694463,
            40.60841370490371
          ],
          [
            -3.806301186823452,
            40.608663712451914
          ],
          [
            -3.806271186014451,
            40.60876371547119
          ],
          [
            -3.80604117981211,
            40.609103725736745
          ],
          [
            -3.806011179003109,
            40.60914372694445
          ],
          [
            -3.8059211765761063,
            40.60927373086952
          ],
          [
            -3.8059211765761063,
            40.609283731171445
          ],
          [
            -3.8059211765761063,
            40.60929373147338
          ],
          [
            -3.8059311768457733,
            40.609303731775306
          ],
          [
            -3.806051180081777,
            40.60952373841772
          ],
          [
            -3.806061180351444,
            40.60952373841772
          ],
          [
            -3.8063611884414543,
            40.60947373690808
          ],
          [
            -3.8065611938347943,
            40.6094437360023
          ],
          [
            -3.806801200306802,
            40.60938373419073
          ],
          [
            -3.806821200846136,
            40.6093737338888
          ],
          [
            -3.807121208936146,
            40.60926373056759
          ],
          [
            -3.80724121217215,
            40.60922372935988
          ],
          [
            -3.8076312226891633,
            40.60921372905795
          ],
          [
            -3.8078412283521703,
            40.60920372875602
          ],
          [
            -3.807961231588174,
            40.609193728454095
          ],
          [
            -3.808081234824178,
            40.60918372815217
          ],
          [
            -3.8082712399478513,
            40.60921372905795
          ],
          [
            -3.808511246419859,
            40.609253730265664
          ],
          [
            -3.808601248846862,
            40.60926373056759
          ],
          [
            -3.8088712561278713,
            40.609303731775306
          ],
          [
            -3.808961258554874,
            40.60931373207723
          ],
          [
            -3.809031260442543,
            40.60932373237916
          ],
          [
            -3.8091212628695463,
            40.60941373509651
          ],
          [
            -3.809201265026882,
            40.609513738115794
          ],
          [
            -3.80924126610555,
            40.60970374385242
          ],
          [
            -3.809271266914551,
            40.60988374928713
          ],
          [
            -3.809461272038224,
            40.60988374928713
          ],
          [
            -3.8095412741955603,
            40.60985374838134
          ],
          [
            -3.809591275543895,
            40.60982374747556
          ],
          [
            -3.809651277161897,
            40.60973374475821
          ],
          [
            -3.809701278510232,
            40.60966374264471
          ],
          [
            -3.809791280937235,
            40.60953373871965
          ],
          [
            -3.809801281206902,
            40.609513738115794
          ],
          [
            -3.809811281476569,
            40.609453736304225
          ],
          [
            -3.8099412849822403,
            40.609483737210006
          ],
          [
            -3.810001286600242,
            40.60949373751193
          ],
          [
            -3.810031287409243,
            40.60949373751193
          ],
          [
            -3.810101289296912,
            40.60949373751193
          ],
          [
            -3.8101412903755802,
            40.60947373690808
          ],
          [
            -3.8101412903755802,
            40.60947373690808
          ],
          [
            -3.810221292532916,
            40.60946373660615
          ],
          [
            -3.8103512960385872,
            40.609453736304225
          ],
          [
            -3.8105713019712613,
            40.60943373570037
          ],
          [
            -3.810651304128597,
            40.60941373509651
          ],
          [
            -3.810671304667931,
            40.60941373509651
          ],
          [
            -3.8108013081736023,
            40.60931373207723
          ],
          [
            -3.810911311139939,
            40.60918372815217
          ],
          [
            -3.81104131464561,
            40.60903372362325
          ],
          [
            -3.811151317611947,
            40.60891372000011
          ],
          [
            -3.8112213194996163,
            40.60883371758469
          ],
          [
            -3.811301321656952,
            40.60873371456541
          ],
          [
            -3.811401324353622,
            40.60871371396155
          ],
          [
            -3.811481326510958,
            40.608723714263476
          ],
          [
            -3.8116413308256303,
            40.60874371486734
          ],
          [
            -3.811751333791967,
            40.60867371275384
          ],
          [
            -3.811791334870635,
            40.608663712451914
          ],
          [
            -3.8118513364886373,
            40.60864371184805
          ],
          [
            -3.81194133891564,
            40.60861371094227
          ],
          [
            -3.812131344039313,
            40.608543708828776
          ],
          [
            -3.812191345657315,
            40.60852370822492
          ],
          [
            -3.81224134700565,
            40.60850370762106
          ],
          [
            -3.8123013486236523,
            40.608453706111426
          ],
          [
            -3.812451352668657,
            40.60838370399793
          ],
          [
            -3.812601356713662,
            40.60833370248829
          ],
          [
            -3.812661358331664,
            40.60830370158251
          ],
          [
            -3.812631357522663,
            40.60818369795937
          ],
          [
            -3.812351349971987,
            40.607903689505385
          ],
          [
            -3.81214134430898,
            40.60778368588225
          ],
          [
            -3.811601329746962,
            40.607463676220554
          ],
          [
            -3.811301321656952,
            40.60728367078585
          ],
          [
            -3.8112013189602822,
            40.607233669276205
          ],
          [
            -3.811131317072613,
            40.60721366867235
          ],
          [
            -3.8109813130276082,
            40.6071936680685
          ],
          [
            -3.810891310600605,
            40.60717366746464
          ],
          [
            -3.8107913079039353,
            40.607143666558855
          ],
          [
            -3.810731306285933,
            40.607123665955
          ],
          [
            -3.810681304937598,
            40.60710366535115
          ],
          [
            -3.810621303319596,
            40.607083664747286
          ],
          [
            -3.8105613017015942,
            40.607053663841505
          ],
          [
            -3.810501300083592,
            40.60702366293572
          ],
          [
            -3.810411297656589,
            40.60697366142608
          ],
          [
            -3.8103712965779213,
            40.60695366082222
          ],
          [
            -3.810321295229586,
            40.60692365991644
          ],
          [
            -3.810211292263249,
            40.60686365810487
          ],
          [
            -3.8101712911845813,
            40.60684365750102
          ],
          [
            -3.8101512906452473,
            40.60683365719909
          ],
          [
            -3.810121289836246,
            40.60681365659523
          ],
          [
            -3.810091289027245,
            40.60678365568945
          ],
          [
            -3.810071288487911,
            40.606763655085594
          ],
          [
            -3.810051287948577,
            40.606733654179806
          ],
          [
            -3.810001286600242,
            40.60668365267017
          ],
          [
            -3.809981286060908,
            40.60665365176438
          ],
          [
            -3.8099612855215743,
            40.6066236508586
          ],
          [
            -3.8099412849822403,
            40.60658364965089
          ],
          [
            -3.809901283903572,
            40.60652364783932
          ],
          [
            -3.809881283364238,
            40.60649364693354
          ],
          [
            -3.809661277431564,
            40.606113635460275
          ],
          [
            -3.809611276083229,
            40.606033633044845
          ],
          [
            -3.809701278510232,
            40.605943630327495
          ],
          [
            -3.80964127689223,
            40.60582362670436
          ],
          [
            -3.809591275543895,
            40.60586362791207
          ],
          [
            -3.8095412741955603,
            40.60589362881785
          ],
          [
            -3.8095412741955603,
            40.60584362730822
          ],
          [
            -3.8095412741955603,
            40.60582362670436
          ],
          [
            -3.8095412741955603,
            40.6058036261005
          ],
          [
            -3.8095412741955603,
            40.605763624892795
          ],
          [
            -3.8095212736562263,
            40.605703623081226
          ],
          [
            -3.8095212736562263,
            40.6056936227793
          ],
          [
            -3.809371269611221,
            40.60539361372145
          ],
          [
            -3.809251266375217,
            40.605123605569396
          ],
          [
            -3.809221265566216,
            40.605033602852046
          ],
          [
            -3.8090812617908782,
            40.60482359651156
          ],
          [
            -3.808971258824541,
            40.604653591378785
          ],
          [
            -3.808711251813199,
            40.60428358020745
          ],
          [
            -3.808581248307528,
            40.60407357386696
          ],
          [
            -3.807561220801494,
            40.60252352706812
          ],
          [
            -3.8067811997674683,
            40.6013034902329
          ],
          [
            -3.806161183048114,
            40.600353461549744
          ],
          [
            -3.805861174958104,
            40.599883447359126
          ],
          [
            -3.806001178733442,
            40.59981344524563
          ],
          [
            -3.806161183048114,
            40.599743443132134
          ],
          [
            -3.8069812051608083,
            40.599353431356946
          ],
          [
            -3.807791227003835,
            40.59897341988368
          ],
          [
            -3.8111913186906152,
            40.59738337187713
          ],
          [
            -3.812371350511321,
            40.59692335798844
          ],
          [
            -3.8124713532079912,
            40.59686335617687
          ],
          [
            -3.8137713882647013,
            40.59615333473998
          ],
          [
            -3.814281402017718,
            40.595433313001166
          ],
          [
            -3.815981447861108,
            40.59502330062212
          ],
          [
            -3.817231481569483,
            40.59503330092405
          ],
          [
            -3.818731522019533,
            40.59503330092405
          ],
          [
            -3.8201315597729133,
            40.59502330062212
          ],
          [
            -3.82094158161594,
            40.59482329458356
          ],
          [
            -3.821521597256626,
            40.59467329005464
          ],
          [
            -3.8220116104703092,
            40.594553286431506
          ],
          [
            -3.822591626110995,
            40.594403281902586
          ],
          [
            -3.82384165981937,
            40.59452328552572
          ],
          [
            -3.8247916854377353,
            40.594613288243075
          ],
          [
            -3.82624172453945,
            40.59475329247007
          ],
          [
            -3.826981744494808,
            40.59472329156428
          ],
          [
            -3.827221750966816,
            40.59471329126235
          ],
          [
            -3.827391755551155,
            40.594703290960425
          ],
          [
            -3.827911769573839,
            40.594613288243075
          ],
          [
            -3.828481784944858,
            40.59446328371415
          ],
          [
            -3.8288017935742023,
            40.5943732809968
          ],
          [
            -3.829401809754222,
            40.59421327616595
          ],
          [
            -3.829911823507239,
            40.59408327224089
          ],
          [
            -3.830011826203909,
            40.594053271335106
          ],
          [
            -3.8307418458896003,
            40.59398326922161
          ],
          [
            -3.831311861260619,
            40.59392326741004
          ],
          [
            -3.8317718736653013,
            40.5938732659004
          ],
          [
            -3.832091882294645,
            40.593793263484976
          ],
          [
            -3.832391890384655,
            40.59372326137148
          ],
          [
            -3.832581895508328,
            40.59367325986184
          ],
          [
            -3.8330719087220113,
            40.59355325623871
          ],
          [
            -3.833111909800679,
            40.59354325593677
          ],
          [
            -3.833171911418681,
            40.59352325533292
          ],
          [
            -3.833231913036683,
            40.59349325442714
          ],
          [
            -3.8336719249020312,
            40.59319324536929
          ],
          [
            -3.834231940003383,
            40.59281323389603
          ],
          [
            -3.834581949441728,
            40.59258322695169
          ],
          [
            -3.83524196723975,
            40.592133213364924
          ],
          [
            -3.835291968588085,
            40.59211321276107
          ],
          [
            -3.83564197802643,
            40.59196320823215
          ],
          [
            -3.835981987195108,
            40.59182320400516
          ],
          [
            -3.836532002026793,
            40.59159319706082
          ],
          [
            -3.8366520052627973,
            40.59156319615503
          ],
          [
            -3.83754202926316,
            40.5913731904184
          ],
          [
            -3.838322050297186,
            40.59166319917431
          ],
          [
            -3.839562083735894,
            40.592123213063
          ],
          [
            -3.840402106387922,
            40.59243322242277
          ],
          [
            -3.841252129309617,
            40.59263322846133
          ],
          [
            -3.8415421371299603,
            40.59269323027289
          ],
          [
            -3.842292157354985,
            40.592563226347835
          ],
          [
            -3.8426121659843293,
            40.59251322483819
          ],
          [
            -3.842932174613673,
            40.592453223026624
          ],
          [
            -3.8432621835126843,
            40.592393221215055
          ],
          [
            -3.843502189984692,
            40.592303218497705
          ],
          [
            -3.8441122064343793,
            40.59208321185529
          ],
          [
            -3.8444822164120582,
            40.591953207930224
          ],
          [
            -3.845092232861745,
            40.59161319766467
          ],
          [
            -3.845502243918092,
            40.59138319072033
          ],
          [
            -3.846132260907113,
            40.591283187701045
          ],
          [
            -3.846572272772461,
            40.59121318558755
          ],
          [
            -3.8472622913794843,
            40.591103182266345
          ],
          [
            -3.8474622967728243,
            40.59107318136056
          ],
          [
            -3.847952309986507,
            40.59100317924706
          ],
          [
            -3.8481023140315123,
            40.59098317864321
          ],
          [
            -3.848612327784529,
            40.59098317864321
          ],
          [
            -3.849222344234216,
            40.590783172604645
          ],
          [
            -3.850092367695245,
            40.59047316324488
          ],
          [
            -3.850312373627919,
            40.59036315992367
          ],
          [
            -3.850382375515588,
            40.59032315871596
          ],
          [
            -3.850812387111269,
            40.59011315237547
          ],
          [
            -3.85104239331361,
            40.589993148752335
          ],
          [
            -3.851262399246284,
            40.58989314573306
          ],
          [
            -3.8515324065272933,
            40.589753141506066
          ],
          [
            -3.852002419201642,
            40.58951313425979
          ],
          [
            -3.852262426212984,
            40.589383130334724
          ],
          [
            -3.852462431606324,
            40.58928312731545
          ],
          [
            -3.852622435920996,
            40.589203124900024
          ],
          [
            -3.8527824402356683,
            40.5891231224846
          ],
          [
            -3.852832441584003,
            40.58910312188075
          ],
          [
            -3.853322454797686,
            40.588943117049894
          ],
          [
            -3.853572461539361,
            40.58886311463447
          ],
          [
            -3.853952471786707,
            40.58856310557663
          ],
          [
            -3.8540424742137103,
            40.588493103463136
          ],
          [
            -3.854112476101379,
            40.58845310225542
          ],
          [
            -3.854432484730723,
            40.58822309531108
          ],
          [
            -3.8546624909330642,
            40.58807309078216
          ],
          [
            -3.854722492551066,
            40.58804308987638
          ],
          [
            -3.854852496056737,
            40.58802308927252
          ],
          [
            -3.855292507922085,
            40.58824309591493
          ],
          [
            -3.855882523832438,
            40.58816309349951
          ],
          [
            -3.856082529225778,
            40.588143092895656
          ],
          [
            -3.8570225545744763,
            40.58804308987638
          ],
          [
            -3.857602570215162,
            40.58798308806481
          ],
          [
            -3.857922578844506,
            40.58795308715902
          ],
          [
            -3.858152585046847,
            40.587943086857095
          ],
          [
            -3.858392591518855,
            40.58793308655517
          ],
          [
            -3.8587126001481993,
            40.58799308836674
          ],
          [
            -3.859182612822548,
            40.58808309108409
          ],
          [
            -3.859652625496897,
            40.58817309380144
          ],
          [
            -3.859822630081236,
            40.588203094707225
          ],
          [
            -3.8600026349352423,
            40.588293097424575
          ],
          [
            -3.86044264680059,
            40.58852310436892
          ],
          [
            -3.860682653272598,
            40.588643107992056
          ],
          [
            -3.860972661092941,
            40.588793112520975
          ],
          [
            -3.861202667295282,
            40.58891311614411
          ],
          [
            -3.861812683744969,
            40.589083121276886
          ],
          [
            -3.862272696149651,
            40.58921312520195
          ],
          [
            -3.862672706936331,
            40.58932312852316
          ],
          [
            -3.863082717992678,
            40.589433131844366
          ],
          [
            -3.863432727431023,
            40.589523134561716
          ],
          [
            -3.863502729318692,
            40.58957313607136
          ],
          [
            -3.8638327382177033,
            40.58979314271377
          ],
          [
            -3.864152746847047,
            40.59000314905426
          ],
          [
            -3.864472755476391,
            40.59021315539475
          ],
          [
            -3.864802764375402,
            40.590433162037165
          ],
          [
            -3.864922767611406,
            40.59061316747187
          ],
          [
            -3.8650827719260783,
            40.59086317502007
          ],
          [
            -3.8652727770497513,
            40.591163184077914
          ],
          [
            -3.865362779476754,
            40.591303188304906
          ],
          [
            -3.865432781364423,
            40.59138319072033
          ],
          [
            -3.865562784870094,
            40.591513194645394
          ],
          [
            -3.8656927883757652,
            40.59164319857046
          ],
          [
            -3.865752789993767,
            40.59170320038202
          ],
          [
            -3.865852792690437,
            40.59181320370323
          ],
          [
            -3.8661428005107803,
            40.5918732055148
          ],
          [
            -3.866432808331123,
            40.59193320732637
          ],
          [
            -3.8667828177694683,
            40.59199320913793
          ],
          [
            -3.8671928288258153,
            40.59216321427071
          ],
          [
            -3.867272830983151,
            40.59219321517649
          ],
          [
            -3.867502837185492,
            40.59217321457264
          ],
          [
            -3.867722843118166,
            40.592153213968786
          ],
          [
            -3.867972849859841,
            40.592133213364924
          ],
          [
            -3.8682628576801843,
            40.59210321245914
          ],
          [
            -3.868552865500527,
            40.59208321185529
          ],
          [
            -3.868822872781536,
            40.59203321034565
          ],
          [
            -3.8691328811412133,
            40.59197320853408
          ],
          [
            -3.869412888691889,
            40.59191320672251
          ],
          [
            -3.86964289489423,
            40.591863205212874
          ],
          [
            -3.8699729037932413,
            40.59179320309938
          ],
          [
            -3.870672922669931,
            40.59164319857046
          ],
          [
            -3.870872928063271,
            40.591603197362744
          ],
          [
            -3.871102934265612,
            40.5915531958531
          ],
          [
            -3.871392942085955,
            40.59149319404153
          ],
          [
            -3.871612948018629,
            40.5914431925319
          ],
          [
            -3.871752951793967,
            40.59141319162611
          ],
          [
            -3.872362968243654,
            40.59133318921069
          ],
          [
            -3.872612974985329,
            40.59129318800298
          ],
          [
            -3.872752978760667,
            40.59127318739912
          ],
          [
            -3.8728929825360052,
            40.591253186795264
          ],
          [
            -3.873232991704683,
            40.59123318619141
          ],
          [
            -3.873492998716025,
            40.59121318558755
          ],
          [
            -3.873813007345369,
            40.59118318468177
          ],
          [
            -3.8739830119297083,
            40.59109318196442
          ],
          [
            -3.8741930175927153,
            40.59097317834128
          ],
          [
            -3.87434302163772,
            40.59088317562393
          ],
          [
            -3.874503025952392,
            40.590783172604645
          ],
          [
            -3.874753032694067,
            40.59064316837765
          ],
          [
            -3.874913037008739,
            40.59057316626416
          ],
          [
            -3.875203044829082,
            40.59046316294295
          ],
          [
            -3.8754930526494253,
            40.590343159319815
          ],
          [
            -3.875613055885429,
            40.59029315781017
          ],
          [
            -3.875813061278769,
            40.59020315509282
          ],
          [
            -3.8760830685597782,
            40.59000314905426
          ],
          [
            -3.8760930688294453,
            40.58985314452534
          ],
          [
            -3.8761030690991123,
            40.58968313939257
          ],
          [
            -3.8760730682901112,
            40.589553135467504
          ],
          [
            -3.876023066941776,
            40.5893031279193
          ],
          [
            -3.8763430755711203,
            40.58902311946532
          ],
          [
            -3.876603082582462,
            40.5888031128229
          ],
          [
            -3.8767630868971343,
            40.58866310859591
          ],
          [
            -3.8771330968748132,
            40.58852310436892
          ],
          [
            -3.87754310793116,
            40.58836309953807
          ],
          [
            -3.877833115751503,
            40.58825309621686
          ],
          [
            -3.878053121684177,
            40.58816309349951
          ],
          [
            -3.8782331265381833,
            40.588093091386014
          ],
          [
            -3.878533134628193,
            40.587913085951314
          ],
          [
            -3.8788531432575373,
            40.58772308021468
          ],
          [
            -3.878973146493541,
            40.587653078101184
          ],
          [
            -3.879103149999212,
            40.58757307568576
          ],
          [
            -3.879183152156548,
            40.587533074478046
          ],
          [
            -3.879373157280221,
            40.58742307115684
          ],
          [
            -3.879613163752229,
            40.58728306692985
          ],
          [
            -3.8797431672579,
            40.58721306481635
          ],
          [
            -3.8799331723815733,
            40.58710306149514
          ],
          [
            -3.880003174269242,
            40.587063060287434
          ],
          [
            -3.880263181280584,
            40.586913055758515
          ],
          [
            -3.8805631893705943,
            40.58676305122959
          ],
          [
            -3.880863197460604,
            40.58661304670067
          ],
          [
            -3.881133204741613,
            40.586483042775605
          ],
          [
            -3.88134321040462,
            40.5863730394544
          ],
          [
            -3.881523215258626,
            40.58628303673705
          ],
          [
            -3.881783222269968,
            40.586153032811985
          ],
          [
            -3.8820132284723092,
            40.58603302918885
          ],
          [
            -3.882373238180321,
            40.58585302375414
          ],
          [
            -3.882733247888333,
            40.58567301831944
          ],
          [
            -3.8830932575963453,
            40.58549301288473
          ],
          [
            -3.883403265956022,
            40.58533300805389
          ],
          [
            -3.883603271349362,
            40.585343008355814
          ],
          [
            -3.883613271619029,
            40.585253005638464
          ],
          [
            -3.883613271619029,
            40.58517300322304
          ],
          [
            -3.883633272158363,
            40.58488299446713
          ],
          [
            -3.88364327242803,
            40.584692988730495
          ],
          [
            -3.883653272697697,
            40.58447298208808
          ],
          [
            -3.883663272967364,
            40.58427297604952
          ],
          [
            -3.883683273506698,
            40.583992967595535
          ],
          [
            -3.883703274046032,
            40.58372295944348
          ],
          [
            -3.8837132743156992,
            40.58354295400878
          ],
          [
            -3.8837232745853663,
            40.583462951593354
          ],
          [
            -3.88364327242803,
            40.583292946460574
          ],
          [
            -3.8835232691920263,
            40.58301293800659
          ],
          [
            -3.883453267304357,
            40.58286293347767
          ],
          [
            -3.883403265956022,
            40.58274292985453
          ],
          [
            -3.883353264607687,
            40.582612925929475
          ],
          [
            -3.883393265686355,
            40.582552924117905
          ],
          [
            -3.8835032686526922,
            40.5823729186832
          ],
          [
            -3.883613271619029,
            40.582182912946564
          ],
          [
            -3.8837332748550333,
            40.58197290660608
          ],
          [
            -3.883823277282036,
            40.58181290177523
          ],
          [
            -3.883893279169705,
            40.581682897850165
          ],
          [
            -3.883983281596708,
            40.581532893321246
          ],
          [
            -3.884003282136042,
            40.581502892415465
          ],
          [
            -3.884083284293378,
            40.5813728884904
          ],
          [
            -3.884063283754044,
            40.58127288547112
          ],
          [
            -3.884053283484377,
            40.581182882753765
          ],
          [
            -3.884033282945043,
            40.581092880036415
          ],
          [
            -3.883873278630371,
            40.58067286735544
          ],
          [
            -3.883683273506698,
            40.58040285920338
          ],
          [
            -3.883683273506698,
            40.580332857089886
          ],
          [
            -3.883673273237031,
            40.58019285286289
          ],
          [
            -3.883663272967364,
            40.58003284803205
          ],
          [
            -3.883653272697697,
            40.57981284138963
          ],
          [
            -3.88364327242803,
            40.57961283535107
          ],
          [
            -3.88364327242803,
            40.579482831426006
          ],
          [
            -3.883633272158363,
            40.57918282236817
          ],
          [
            -3.8837432751247003,
            40.57891281421611
          ],
          [
            -3.883833277551703,
            40.578662806667914
          ],
          [
            -3.884023282675376,
            40.57817279187344
          ],
          [
            -3.8841632864507143,
            40.5778027807021
          ],
          [
            -3.884223288068716,
            40.57763277556933
          ],
          [
            -3.884253288877717,
            40.57754277285198
          ],
          [
            -3.884333291035053,
            40.577342766813416
          ],
          [
            -3.88444329400139,
            40.57704275775558
          ],
          [
            -3.884523296158726,
            40.576852752018944
          ],
          [
            -3.88464329939473,
            40.57652274205532
          ],
          [
            -3.8847733029004012,
            40.57617273148784
          ],
          [
            -3.88494330748474,
            40.57573271820301
          ],
          [
            -3.885093311529745,
            40.57534270642782
          ],
          [
            -3.885173313687081,
            40.57513270008733
          ],
          [
            -3.8852233150354163,
            40.57502269676612
          ],
          [
            -3.885393319619755,
            40.574682686500566
          ],
          [
            -3.885473321777091,
            40.57452268166972
          ],
          [
            -3.885553323934427,
            40.5743726771408
          ],
          [
            -3.885583324743428,
            40.57431267532923
          ],
          [
            -3.8856433263614303,
            40.57419267170609
          ],
          [
            -3.885753329327767,
            40.57411266929067
          ],
          [
            -3.885933334181773,
            40.573982665365605
          ],
          [
            -3.8860733379571113,
            40.57388266234633
          ],
          [
            -3.886333344968453,
            40.573692656609694
          ],
          [
            -3.88654335063146,
            40.573542652080775
          ],
          [
            -3.8867433560248,
            40.57340264785378
          ],
          [
            -3.886983362496808,
            40.57323264272101
          ],
          [
            -3.8871333665418133,
            40.573132639701726
          ],
          [
            -3.887403373822822,
            40.5729426339651
          ],
          [
            -3.887603379216162,
            40.572802629738106
          ],
          [
            -3.8877733838005013,
            40.57268262611497
          ],
          [
            -3.8879633889241743,
            40.5725526221899
          ],
          [
            -3.888123393238846,
            40.572432618566765
          ],
          [
            -3.888313398362519,
            40.57230261464171
          ],
          [
            -3.888353399441187,
            40.57222261222628
          ],
          [
            -3.888453402137857,
            40.57202260618772
          ],
          [
            -3.888563405104194,
            40.571812599847235
          ],
          [
            -3.888793411306535,
            40.57116258022191
          ],
          [
            -3.888873413463871,
            40.57093257327757
          ],
          [
            -3.888763410497534,
            40.57068256572937
          ],
          [
            -3.888673408070531,
            40.57047255938888
          ],
          [
            -3.888573405373861,
            40.57025255274646
          ],
          [
            -3.8883934005198553,
            40.569882541575126
          ],
          [
            -3.888253396744517,
            40.569592532819215
          ],
          [
            -3.888153394047847,
            40.56940252708258
          ],
          [
            -3.888023390542176,
            40.569202521044026
          ],
          [
            -3.88794338838484,
            40.56908251742089
          ],
          [
            -3.887853385957837,
            40.56872250655148
          ],
          [
            -3.887833385418503,
            40.56857250202256
          ],
          [
            -3.887813384879169,
            40.568362495682074
          ],
          [
            -3.887713382182499,
            40.568152489341585
          ],
          [
            -3.887613379485829,
            40.56793248269917
          ],
          [
            -3.887503376519492,
            40.56768247515097
          ],
          [
            -3.887473375710491,
            40.5676224733394
          ],
          [
            -3.887293370856485,
            40.56723246156421
          ],
          [
            -3.887213368699149,
            40.5670524561295
          ],
          [
            -3.8871233662721463,
            40.566842449789014
          ],
          [
            -3.887003363036142,
            40.566542440731176
          ],
          [
            -3.886833358451803,
            40.56633243439069
          ],
          [
            -3.8867233554854663,
            40.56620243046562
          ],
          [
            -3.886663353867464,
            40.566162429257915
          ],
          [
            -3.8864833490134583,
            40.566052425936704
          ],
          [
            -3.886363345777454,
            40.56598242382321
          ],
          [
            -3.8860733379571113,
            40.5658024183885
          ],
          [
            -3.886023336608776,
            40.56577241748272
          ],
          [
            -3.885993335799775,
            40.565752416878865
          ],
          [
            -3.885923333912106,
            40.56570241536922
          ],
          [
            -3.8858633322941043,
            40.56566241416151
          ],
          [
            -3.885803330676102,
            40.56561241265187
          ],
          [
            -3.8856633269007643,
            40.56551240963259
          ],
          [
            -3.88534331827142,
            40.56526240208439
          ],
          [
            -3.885183313956748,
            40.56513239815933
          ],
          [
            -3.8850033091027423,
            40.564992393932336
          ],
          [
            -3.8848133039790693,
            40.56484238940342
          ],
          [
            -3.8846032983160623,
            40.56468238457257
          ],
          [
            -3.8843832923833883,
            40.56450237913786
          ],
          [
            -3.884253288877717,
            40.564402376118586
          ],
          [
            -3.8841632864507143,
            40.564322373703156
          ],
          [
            -3.884123285372046,
            40.564292372797375
          ],
          [
            -3.884003282136042,
            40.56418236947617
          ],
          [
            -3.88384327782137,
            40.56402236464532
          ],
          [
            -3.8837532753943673,
            40.56393236192797
          ],
          [
            -3.883773275933701,
            40.56378235739905
          ],
          [
            -3.883783276203368,
            40.56367235407784
          ],
          [
            -3.883793276473035,
            40.56357235105856
          ],
          [
            -3.883813277012369,
            40.56337234502
          ],
          [
            -3.883833277551703,
            40.563242341094934
          ],
          [
            -3.8839432805180403,
            40.563092336566015
          ],
          [
            -3.88404328321471,
            40.56296233264095
          ],
          [
            -3.884073284023711,
            40.56292233143324
          ],
          [
            -3.884113285102379,
            40.5628723299236
          ],
          [
            -3.884213287799049,
            40.56273232569661
          ],
          [
            -3.884273289417051,
            40.562652323281185
          ],
          [
            -3.8843932926530553,
            40.562502318752266
          ],
          [
            -3.884523296158726,
            40.56232231331756
          ],
          [
            -3.884623298855396,
            40.562182309090566
          ],
          [
            -3.8848133039790693,
            40.56191230093851
          ],
          [
            -3.884863305327404,
            40.561832298523086
          ],
          [
            -3.884893306136405,
            40.56141228584211
          ],
          [
            -3.884913306675739,
            40.56111227678427
          ],
          [
            -3.8847433020914,
            40.56092227104764
          ],
          [
            -3.8845632972373942,
            40.56081226772643
          ],
          [
            -3.884463294540724,
            40.560752265914864
          ],
          [
            -3.884323290765386,
            40.560662263197514
          ],
          [
            -3.884233288338383,
            40.56061226168787
          ],
          [
            -3.8841332856417132,
            40.560542259574376
          ],
          [
            -3.8839732813270413,
            40.56048225776281
          ],
          [
            -3.8837232745853663,
            40.56038225474353
          ],
          [
            -3.8835032686526922,
            40.56029225202617
          ],
          [
            -3.883153259214347,
            40.560162248101115
          ],
          [
            -3.8828732516636713,
            40.560052244779904
          ],
          [
            -3.882613244652329,
            40.55995224176063
          ],
          [
            -3.8824632406073243,
            40.55989223994906
          ],
          [
            -3.882303236292652,
            40.55983223813749
          ],
          [
            -3.882173232786981,
            40.559782236627846
          ],
          [
            -3.8820132284723092,
            40.55971223451435
          ],
          [
            -3.881253207977617,
            40.55970223421242
          ],
          [
            -3.880523188291926,
            40.55968223360857
          ],
          [
            -3.8801131772355792,
            40.55967223330664
          ],
          [
            -3.879653164830897,
            40.55966223300471
          ],
          [
            -3.8793031553925523,
            40.55965223270278
          ],
          [
            -3.8788731437968713,
            40.55965223270278
          ],
          [
            -3.878503133819192,
            40.559582230589285
          ],
          [
            -3.877723112785166,
            40.55944222636229
          ],
          [
            -3.877493106582825,
            40.55936222394687
          ],
          [
            -3.877223099301816,
            40.55927222122952
          ],
          [
            -3.877073095256811,
            40.55922221971988
          ],
          [
            -3.876603082582462,
            40.559112216398674
          ],
          [
            -3.876393076919455,
            40.55907221519096
          ],
          [
            -3.8761030690991123,
            40.55901221337939
          ],
          [
            -3.8754730521100913,
            40.558882209454325
          ],
          [
            -3.875363049143754,
            40.55886220885047
          ],
          [
            -3.8752430459077503,
            40.55857220009456
          ],
          [
            -3.87514304321108,
            40.55836219375407
          ],
          [
            -3.8750530407840773,
            40.55817218801744
          ],
          [
            -3.874363022177054,
            40.557942181073095
          ],
          [
            -3.8742130181320493,
            40.55789217956345
          ],
          [
            -3.8739630113903742,
            40.55781217714803
          ],
          [
            -3.873933010581373,
            40.557792176544176
          ],
          [
            -3.873903009772372,
            40.557742175034534
          ],
          [
            -3.8737630059970343,
            40.55763217171333
          ],
          [
            -3.8737430054577002,
            40.55757216990176
          ],
          [
            -3.873673003570031,
            40.55736216356127
          ],
          [
            -3.873633002491363,
            40.55725216024006
          ],
          [
            -3.8735830011430283,
            40.55710215571114
          ],
          [
            -3.8735329997946932,
            40.55696215148415
          ],
          [
            -3.873472998176691,
            40.556802146653304
          ],
          [
            -3.873382995749688,
            40.55661214091667
          ],
          [
            -3.8733329944013533,
            40.55651213789739
          ],
          [
            -3.873252992244017,
            40.556332132462686
          ],
          [
            -3.873202990895682,
            40.55622212914148
          ],
          [
            -3.8731229887383463,
            40.5560521240087
          ],
          [
            -3.8731129884686792,
            40.55602212310292
          ],
          [
            -3.873092987929345,
            40.555922120083636
          ],
          [
            -3.873082987659678,
            40.555892119177855
          ],
          [
            -3.873072987390011,
            40.555832117366286
          ],
          [
            -3.873012985772009,
            40.555692113139294
          ],
          [
            -3.872972984693341,
            40.555602110421944
          ],
          [
            -3.8729529841540073,
            40.5555521089123
          ],
          [
            -3.8728929825360052,
            40.555392104081456
          ],
          [
            -3.872852981457337,
            40.55531210166603
          ],
          [
            -3.872852981457337,
            40.555302101364106
          ],
          [
            -3.872852981457337,
            40.55529210106218
          ],
          [
            -3.872852981457337,
            40.55526210015639
          ],
          [
            -3.8729129830753393,
            40.55497209140048
          ],
          [
            -3.872962984423674,
            40.55476208505999
          ],
          [
            -3.8729029828056722,
            40.554452075700226
          ],
          [
            -3.872832980918003,
            40.55413206603853
          ],
          [
            -3.872742978491,
            40.55372205365948
          ],
          [
            -3.8726929771426652,
            40.55348204641321
          ],
          [
            -3.8725229725583263,
            40.55318203735537
          ],
          [
            -3.8723129668953193,
            40.5528020258821
          ],
          [
            -3.872132962041313,
            40.55248201622041
          ],
          [
            -3.8720629601536443,
            40.55234201199342
          ],
          [
            -3.871772952333301,
            40.552092004445214
          ],
          [
            -3.871512945321959,
            40.5518719978028
          ],
          [
            -3.8712529383106173,
            40.55166199146231
          ],
          [
            -3.871072933456611,
            40.55152198723532
          ],
          [
            -3.870912929141939,
            40.55139198331025
          ],
          [
            -3.870752924827267,
            40.55126197938519
          ],
          [
            -3.870672922669931,
            40.55119197727169
          ],
          [
            -3.8705729199732612,
            40.55101197183699
          ],
          [
            -3.870512918355259,
            40.550911968817715
          ],
          [
            -3.870432916197923,
            40.55078196489265
          ],
          [
            -3.8703629143102543,
            40.55066196126951
          ],
          [
            -3.870302912692252,
            40.550561958250235
          ],
          [
            -3.8701729091865813,
            40.550361952211674
          ],
          [
            -3.870052905950577,
            40.55017194647504
          ],
          [
            -3.8699329027145732,
            40.549951939832624
          ],
          [
            -3.869812899478569,
            40.549741933492136
          ],
          [
            -3.869632894624563,
            40.54943192413237
          ],
          [
            -3.869412888691889,
            40.54902191175332
          ],
          [
            -3.869172882219881,
            40.54861189937427
          ],
          [
            -3.86904287871421,
            40.54838189242993
          ],
          [
            -3.868962876556874,
            40.54824188820294
          ],
          [
            -3.8690928800625453,
            40.54798188035281
          ],
          [
            -3.869232883837883,
            40.54766187069111
          ],
          [
            -3.8693328865345533,
            40.54745186435062
          ],
          [
            -3.869172882219881,
            40.547291859519774
          ],
          [
            -3.869032878444543,
            40.54715185529278
          ],
          [
            -3.868832873051203,
            40.54695184925422
          ],
          [
            -3.868592866579195,
            40.54674184291373
          ],
          [
            -3.868432862264523,
            40.546611838988674
          ],
          [
            -3.868222856601516,
            40.54643183355397
          ],
          [
            -3.867982850129508,
            40.54622182721348
          ],
          [
            -3.867802845275502,
            40.54607182268456
          ],
          [
            -3.867682842039498,
            40.54597181966528
          ],
          [
            -3.867532837994493,
            40.54584181574022
          ],
          [
            -3.867362833410154,
            40.545701811513226
          ],
          [
            -3.8672228296348163,
            40.54557180758816
          ],
          [
            -3.8671828285561483,
            40.545531806380446
          ],
          [
            -3.867082825859478,
            40.545411802757314
          ],
          [
            -3.866922821544806,
            40.54521179671875
          ],
          [
            -3.866872820196471,
            40.545151794907184
          ],
          [
            -3.866832819117803,
            40.54511179369947
          ],
          [
            -3.8667428166908,
            40.545001790378265
          ],
          [
            -3.866722816151466,
            40.54498178977441
          ],
          [
            -3.86664281399413,
            40.54488178675513
          ],
          [
            -3.866522810758126,
            40.54472178192428
          ],
          [
            -3.866282804286118,
            40.54442177286644
          ],
          [
            -3.866222802668116,
            40.54434177045101
          ],
          [
            -3.866082798892778,
            40.54416176501631
          ],
          [
            -3.865972795926441,
            40.54402176078932
          ],
          [
            -3.865762790263434,
            40.543741752335336
          ],
          [
            -3.865652787297097,
            40.543601748108344
          ],
          [
            -3.865582785409428,
            40.543511745390994
          ],
          [
            -3.8655227837914263,
            40.5434417432775
          ],
          [
            -3.8654927829824253,
            40.54332173965436
          ],
          [
            -3.8654727824430912,
            40.543191735729295
          ],
          [
            -3.86544278163409,
            40.54300172999266
          ],
          [
            -3.865412780825089,
            40.54285172546374
          ],
          [
            -3.865412780825089,
            40.54281172425603
          ],
          [
            -3.865402780555422,
            40.54270172093482
          ],
          [
            -3.865362779476754,
            40.54242171248084
          ],
          [
            -3.865002769768742,
            40.54203170070565
          ],
          [
            -3.8648727662630713,
            40.54186169557287
          ],
          [
            -3.864812764645069,
            40.54168169013817
          ],
          [
            -3.864732762487733,
            40.54145168319382
          ],
          [
            -3.864702761678732,
            40.54135168017454
          ],
          [
            -3.8646327597910632,
            40.541141673834055
          ],
          [
            -3.864572758173061,
            40.54097166870128
          ],
          [
            -3.864512756555059,
            40.540791663266575
          ],
          [
            -3.864472755476391,
            40.5406916602473
          ],
          [
            -3.8644227541280562,
            40.540531655416444
          ],
          [
            -3.864372752779721,
            40.54039165118945
          ],
          [
            -3.864322751431386,
            40.54025164696246
          ],
          [
            -3.864282750352718,
            40.540111642735475
          ],
          [
            -3.8642527495437173,
            40.540001639414264
          ],
          [
            -3.8642227487347163,
            40.53990163639499
          ],
          [
            -3.864192747925715,
            40.53981163367763
          ],
          [
            -3.864172747386381,
            40.539761632167995
          ],
          [
            -3.864132746307713,
            40.539651628846784
          ],
          [
            -3.864082744959378,
            40.53960162733714
          ],
          [
            -3.8640327436110433,
            40.53955162582751
          ],
          [
            -3.863962741723374,
            40.53949162401594
          ],
          [
            -3.863922740644706,
            40.53945162280822
          ],
          [
            -3.863852738757037,
            40.539381620694726
          ],
          [
            -3.8637427357907,
            40.53927161737352
          ],
          [
            -3.863732735521033,
            40.53916161405231
          ],
          [
            -3.863722735251366,
            40.53875160167326
          ],
          [
            -3.8637427357907,
            40.538151583557585
          ],
          [
            -3.863752736060367,
            40.53778157238625
          ],
          [
            -3.863752736060367,
            40.53766156876311
          ],
          [
            -3.8637427357907,
            40.53757156604576
          ],
          [
            -3.863722735251366,
            40.53750156393227
          ],
          [
            -3.863532730127693,
            40.5368715449108
          ],
          [
            -3.8634127268916894,
            40.53646153253175
          ],
          [
            -3.86334272500402,
            40.53622152528548
          ],
          [
            -3.863202721228682,
            40.535731510491004
          ],
          [
            -3.863012716105009,
            40.535111491771474
          ],
          [
            -3.8629627147566743,
            40.53493148633677
          ],
          [
            -3.862902713138672,
            40.53474148060013
          ],
          [
            -3.862892712869005,
            40.5346914790905
          ],
          [
            -3.862622705587996,
            40.53451147365579
          ],
          [
            -3.862352698306987,
            40.53434146852302
          ],
          [
            -3.862212694531649,
            40.53425146580566
          ],
          [
            -3.86204268994731,
            40.53413146218253
          ],
          [
            -3.86184268455397,
            40.533941456445895
          ],
          [
            -3.8616626796999642,
            40.533761451011195
          ],
          [
            -3.861592677812295,
            40.5336914488977
          ],
          [
            -3.861512675654959,
            40.53361144648227
          ],
          [
            -3.861312670261619,
            40.53342144074564
          ],
          [
            -3.8612526686436173,
            40.533351438632145
          ],
          [
            -3.860992661632275,
            40.53317143319744
          ],
          [
            -3.8608226570479363,
            40.53308143048009
          ],
          [
            -3.860512648688259,
            40.53292142564924
          ],
          [
            -3.860312643294919,
            40.53264141719526
          ],
          [
            -3.859862631159904,
            40.531981397268005
          ],
          [
            -3.859662625766564,
            40.53166138760631
          ],
          [
            -3.859512621721559,
            40.53142138036004
          ],
          [
            -3.85944261983389,
            40.531301376736906
          ],
          [
            -3.8593626176765543,
            40.53122137432148
          ],
          [
            -3.8591226112045462,
            40.53100136767906
          ],
          [
            -3.859052609316877,
            40.5309413658675
          ],
          [
            -3.8589526066202073,
            40.53085136315014
          ],
          [
            -3.858772601766201,
            40.530691358319295
          ],
          [
            -3.858592596912195,
            40.53052135318652
          ],
          [
            -3.8584925942155253,
            40.53042135016724
          ],
          [
            -3.858372590979521,
            40.53035134805374
          ],
          [
            -3.858152585046847,
            40.53022134412868
          ],
          [
            -3.858032581810843,
            40.53015134201518
          ],
          [
            -3.8580925834288453,
            40.530051338995904
          ],
          [
            -3.8582625880131842,
            40.529811331749634
          ],
          [
            -3.858232587204183,
            40.52967132752264
          ],
          [
            -3.858212586664849,
            40.52954132359758
          ],
          [
            -3.858182585855848,
            40.5293713184648
          ],
          [
            -3.858152585046847,
            40.52924131453974
          ],
          [
            -3.85814258477718,
            40.5291913130301
          ],
          [
            -3.8580525823501772,
            40.52901130759539
          ],
          [
            -3.857982580462508,
            40.52889130397226
          ],
          [
            -3.8578925780355053,
            40.52872129883948
          ],
          [
            -3.857812575878169,
            40.52857129431056
          ],
          [
            -3.8577425739905,
            40.52843129008357
          ],
          [
            -3.857712573181499,
            40.52836128797007
          ],
          [
            -3.8576725721028313,
            40.528201283139225
          ],
          [
            -3.8576425712938303,
            40.528051278610306
          ],
          [
            -3.857622570754496,
            40.52792127468524
          ],
          [
            -3.857352563473487,
            40.527761269854395
          ],
          [
            -3.85714255781048,
            40.52764126623126
          ],
          [
            -3.856862550259804,
            40.527471261098476
          ],
          [
            -3.8566125435181293,
            40.52732125656956
          ],
          [
            -3.856032527877443,
            40.52697124600208
          ],
          [
            -3.854952498753407,
            40.52567120675144
          ],
          [
            -3.8546724912027313,
            40.52556120343023
          ],
          [
            -3.854562488236394,
            40.5254411998071
          ],
          [
            -3.854372483112721,
            40.525251194070464
          ],
          [
            -3.8536124626180293,
            40.52446117021815
          ],
          [
            -3.853672464236031,
            40.52432116599116
          ],
          [
            -3.853702465045032,
            40.52420116236802
          ],
          [
            -3.8537424661237,
            40.524141160556454
          ],
          [
            -3.854012473404709,
            40.523401138213785
          ],
          [
            -3.854122476371046,
            40.52307112825016
          ],
          [
            -3.854222479067716,
            40.522791119796175
          ],
          [
            -3.8542824806857183,
            40.5226211146634
          ],
          [
            -3.8542824806857183,
            40.5216210844706
          ],
          [
            -3.854292480955385,
            40.52143107873397
          ],
          [
            -3.854292480955385,
            40.52142107843204
          ],
          [
            -3.854292480955385,
            40.521411078130114
          ],
          [
            -3.8542824806857183,
            40.52140107782818
          ],
          [
            -3.854172477719381,
            40.521201071789626
          ],
          [
            -3.854122476371046,
            40.521121069374196
          ],
          [
            -3.8538224682810363,
            40.5206210542778
          ],
          [
            -3.853572461539361,
            40.52020104159682
          ],
          [
            -3.8532324523706833,
            40.51957102257536
          ],
          [
            -3.85164240949363,
            40.51833098513629
          ],
          [
            -3.851192397358615,
            40.51770096611482
          ],
          [
            -3.85144240410029,
            40.51722095162228
          ],
          [
            -3.851452404369957,
            40.5171909507165
          ],
          [
            -3.85164240949363,
            40.51697094407408
          ],
          [
            -3.851782413268968,
            40.516790938639375
          ],
          [
            -3.8521324227073133,
            40.515530900596445
          ],
          [
            -3.853262453179684,
            40.514590872215216
          ],
          [
            -3.853922470977706,
            40.512050795525504
          ],
          [
            -3.853802467741702,
            40.51185078948694
          ],
          [
            -3.853592462078695,
            40.51150077891946
          ],
          [
            -3.8534124572246893,
            40.51124077106934
          ],
          [
            -3.853162450483014,
            40.51093076170957
          ],
          [
            -3.852832441584003,
            40.510530749632444
          ],
          [
            -3.852482432145658,
            40.50998073302641
          ],
          [
            -3.85244243106699,
            40.50983072849749
          ],
          [
            -3.8521324227073133,
            40.50963072245893
          ],
          [
            -3.849632355290563,
            40.5088706995124
          ],
          [
            -3.8496123547512293,
            40.50886069921047
          ],
          [
            -3.849062339919544,
            40.50907070555096
          ],
          [
            -3.844992230165075,
            40.50801067354659
          ],
          [
            -3.842112152500979,
            40.50727065120392
          ],
          [
            -3.840122098837246,
            40.506750635503664
          ],
          [
            -3.839082070791878,
            40.50648062735161
          ],
          [
            -3.838962067555874,
            40.506450626445826
          ],
          [
            -3.838492054881525,
            40.50633062282269
          ],
          [
            -3.837002014701142,
            40.50594061104749
          ],
          [
            -3.837262021712484,
            40.505230589610605
          ],
          [
            -3.83744202656649,
            40.50472057421228
          ],
          [
            -3.8375320289934933,
            40.50448056696601
          ],
          [
            -3.837622031420496,
            40.504290561229375
          ],
          [
            -3.837762035195834,
            40.50402055307732
          ],
          [
            -3.837872038162171,
            40.503850547944545
          ],
          [
            -3.8381520457128473,
            40.503440535565495
          ],
          [
            -3.8383720516455213,
            40.50311052560187
          ],
          [
            -3.838532055960193,
            40.5028705183556
          ],
          [
            -3.839032069443543,
            40.5006204504218
          ],
          [
            -3.839122071870546,
            40.50020043774082
          ],
          [
            -3.839292076454885,
            40.499430414492366
          ],
          [
            -3.83914207240988,
            40.49928040996345
          ],
          [
            -3.838502055151192,
            40.49863039033813
          ],
          [
            -3.837582030341828,
            40.4976903619569
          ],
          [
            -3.837372024678821,
            40.497440354408695
          ],
          [
            -3.8370720165888113,
            40.49708034353929
          ],
          [
            -3.836732007420133,
            40.496680331462166
          ],
          [
            -3.836271995015451,
            40.496150315459985
          ],
          [
            -3.8358119826107693,
            40.4956202994578
          ],
          [
            -3.835561975869094,
            40.49532029039996
          ],
          [
            -3.835091963194745,
            40.49491027802091
          ],
          [
            -3.834831956183403,
            40.49468027107657
          ],
          [
            -3.834581949441728,
            40.49446026443415
          ],
          [
            -3.834401944587722,
            40.49424025779174
          ],
          [
            -3.8343019418910522,
            40.494100253564746
          ],
          [
            -3.834251940542717,
            40.49367024058184
          ],
          [
            -3.8341419375763803,
            40.4926902109929
          ],
          [
            -3.834071935688711,
            40.492030191065645
          ],
          [
            -3.834061935419044,
            40.49198018955601
          ],
          [
            -3.8338919308347053,
            40.49154017627117
          ],
          [
            -3.833771927598701,
            40.49123016691141
          ],
          [
            -3.8337019257110323,
            40.49105016147671
          ],
          [
            -3.833651924362697,
            40.490910157249715
          ],
          [
            -3.833601923014362,
            40.49075015241886
          ],
          [
            -3.8335119205873593,
            40.490480144266805
          ],
          [
            -3.833451918969357,
            40.490300138832104
          ],
          [
            -3.833381917081688,
            40.49011013309547
          ],
          [
            -3.833301914924352,
            40.4898701258492
          ],
          [
            -3.8332819143850183,
            40.48970012071642
          ],
          [
            -3.8330419079130102,
            40.487870065463596
          ],
          [
            -3.8330419079130102,
            40.487810063652034
          ],
          [
            -3.8330619084523443,
            40.48759005700961
          ],
          [
            -3.833101909531012,
            40.48716004402671
          ],
          [
            -3.83314191060968,
            40.48676003194959
          ],
          [
            -3.833201912227682,
            40.486200015041625
          ],
          [
            -3.833171911418681,
            40.48601000930499
          ],
          [
            -3.8332919146546853,
            40.48582000356836
          ],
          [
            -3.8334719195086913,
            40.48551999451052
          ],
          [
            -3.833631923823363,
            40.48524998635846
          ],
          [
            -3.833651924362697,
            40.48518998454689
          ],
          [
            -3.8336919254413653,
            40.485089981527615
          ],
          [
            -3.8337419267897,
            40.48496997790448
          ],
          [
            -3.833801928407702,
            40.48480997307363
          ],
          [
            -3.833861930025704,
            40.484649968242785
          ],
          [
            -3.834061935419044,
            40.48413995284446
          ],
          [
            -3.8340919362280452,
            40.48406995073096
          ],
          [
            -3.834261940812384,
            40.48377994197505
          ],
          [
            -3.834281941351718,
            40.48374994106926
          ],
          [
            -3.834431945396723,
            40.48348993321913
          ],
          [
            -3.834621950520396,
            40.48314992295359
          ],
          [
            -3.834861956992404,
            40.48271990997068
          ],
          [
            -3.834931958880073,
            40.48257990574369
          ],
          [
            -3.8349419591497402,
            40.48256990544176
          ],
          [
            -3.83514196454308,
            40.48245990212055
          ],
          [
            -3.835331969666753,
            40.48235989910127
          ],
          [
            -3.835491973981425,
            40.48226989638392
          ],
          [
            -3.835711979914099,
            40.48214989276078
          ],
          [
            -3.835851983689437,
            40.48206989034536
          ],
          [
            -3.8360319885434433,
            40.4817998821933
          ],
          [
            -3.836091990161445,
            40.48171987977788
          ],
          [
            -3.836151991779447,
            40.4813698692104
          ],
          [
            -3.836161992049114,
            40.48132986800269
          ],
          [
            -3.836171992318781,
            40.481289866794974
          ],
          [
            -3.836171992318781,
            40.48120986437955
          ],
          [
            -3.836181992588448,
            40.481199864077624
          ],
          [
            -3.836301995824452,
            40.481079860454486
          ],
          [
            -3.836381997981788,
            40.48099985803906
          ],
          [
            -3.836512001487459,
            40.480869854114
          ],
          [
            -3.836512001487459,
            40.48085985381207
          ],
          [
            -3.836361997442454,
            40.48067984837737
          ],
          [
            -3.836321996363786,
            40.480639847169655
          ],
          [
            -3.836301995824452,
            40.48059984596194
          ],
          [
            -3.836321996363786,
            40.48055984475423
          ],
          [
            -3.836391998251455,
            40.48009983086554
          ],
          [
            -3.8364820006784583,
            40.47959981576914
          ],
          [
            -3.8364820006784583,
            40.47959981576914
          ],
          [
            -3.8364820006784583,
            40.47959981576914
          ],
          [
            -3.836582003375128,
            40.47910980097467
          ],
          [
            -3.836612004184129,
            40.47894979614382
          ],
          [
            -3.8366420049931302,
            40.47877979101105
          ],
          [
            -3.8366920063414653,
            40.478539783764774
          ],
          [
            -3.836762008229134,
            40.478209773801154
          ],
          [
            -3.836792009038135,
            40.47801976806452
          ],
          [
            -3.836832010116803,
            40.47776976051632
          ],
          [
            -3.8369020120044723,
            40.47739974934498
          ],
          [
            -3.836982014161808,
            40.47707973968329
          ],
          [
            -3.837012014970809,
            40.47695973606015
          ],
          [
            -3.83704201577981,
            40.476839732437014
          ],
          [
            -3.8370620163191442,
            40.47672972911581
          ],
          [
            -3.8370720165888113,
            40.47666972730424
          ],
          [
            -3.8370920171281453,
            40.47655972398303
          ],
          [
            -3.83714201847648,
            40.476309716434834
          ],
          [
            -3.837152018746147,
            40.476249714623265
          ],
          [
            -3.837152018746147,
            40.47623971432134
          ],
          [
            -3.837162019015814,
            40.47619971311362
          ],
          [
            -3.837182019555148,
            40.47608970979242
          ],
          [
            -3.837192019824815,
            40.47600970737699
          ],
          [
            -3.837232020903483,
            40.475809701338434
          ],
          [
            -3.83724202117315,
            40.47576970013072
          ],
          [
            -3.836572003105461,
            40.47514968141118
          ],
          [
            -3.835961986655774,
            40.47491967446684
          ],
          [
            -3.836081989891778,
            40.47473966903213
          ],
          [
            -3.8364419995997903,
            40.4741896524261
          ],
          [
            -3.836722007150466,
            40.47376963974512
          ],
          [
            -3.837232020903483,
            40.47298961619474
          ],
          [
            -3.837192019824815,
            40.47297961589281
          ],
          [
            -3.837372024678821,
            40.4726196050234
          ],
          [
            -3.837982041128508,
            40.47095955490335
          ],
          [
            -3.838102044364512,
            40.4677994594941
          ],
          [
            -3.836762008229134,
            40.46700943564179
          ],
          [
            -3.835971986925441,
            40.46630941450683
          ],
          [
            -3.835481973711758,
            40.46587940152393
          ],
          [
            -3.834621950520396,
            40.464929372840764
          ],
          [
            -3.834191938924715,
            40.46445935865015
          ],
          [
            -3.830761846428934,
            40.465979404543205
          ],
          [
            -3.8288117938438693,
            40.46635941601647
          ],
          [
            -3.8275617601354943,
            40.466149409675985
          ],
          [
            -3.826951743685807,
            40.4660494066567
          ],
          [
            -3.825711710247099,
            40.4654393882391
          ],
          [
            -3.824611680583729,
            40.46487937133113
          ],
          [
            -3.823451649302357,
            40.464749367406064
          ],
          [
            -3.8220616118186443,
            40.46480936921763
          ],
          [
            -3.820821578379936,
            40.46455936166943
          ],
          [
            -3.8197115484468993,
            40.46445935865015
          ],
          [
            -3.8186515198621973,
            40.46455936166943
          ],
          [
            -3.817251482108817,
            40.46452936076365
          ],
          [
            -3.8150114217034092,
            40.463839339930615
          ],
          [
            -3.812731360219333,
            40.4637993387229
          ],
          [
            -3.8099512852519073,
            40.46432935472509
          ],
          [
            -3.8071612100148142,
            40.46351933026892
          ],
          [
            -3.803971123991041,
            40.46306931668216
          ],
          [
            -3.8023110792263193,
            40.462119287999
          ],
          [
            -3.8003910274502553,
            40.46040923636931
          ],
          [
            -3.798810984842869,
            40.45924920134566
          ],
          [
            -3.7987309826855333,
            40.459189199534094
          ],
          [
            -3.795660899897764,
            40.45795916239695
          ],
          [
            -3.795630899088763,
            40.45790916088731
          ],
          [
            -3.79514088587508,
            40.457049134921505
          ],
          [
            -3.795150886144747,
            40.45702913431765
          ],
          [
            -3.795160886414414,
            40.45700913371379
          ],
          [
            -3.795170886684081,
            40.456989133109936
          ],
          [
            -3.795180886953748,
            40.45696913250608
          ],
          [
            -3.795190887223415,
            40.45694913190222
          ],
          [
            -3.795200887493082,
            40.45692913129837
          ],
          [
            -3.795210887762749,
            40.45690913069451
          ],
          [
            -3.795220888032416,
            40.456879129788724
          ],
          [
            -3.795220888032416,
            40.45685912918487
          ],
          [
            -3.795230888302083,
            40.45683912858102
          ],
          [
            -3.79524088857175,
            40.45680912767523
          ],
          [
            -3.795250888841417,
            40.456789127071374
          ],
          [
            -3.795260889111084,
            40.45675912616559
          ],
          [
            -3.795270889380751,
            40.45673912556173
          ],
          [
            -3.795270889380751,
            40.456729125259805
          ],
          [
            -3.795280889650418,
            40.45670912465595
          ],
          [
            -3.7952908899200852,
            40.45667912375017
          ],
          [
            -3.7952908899200852,
            40.45665912314631
          ],
          [
            -3.7952908899200852,
            40.456639122542455
          ],
          [
            -3.7952908899200852,
            40.456609121636674
          ],
          [
            -3.7953008901897523,
            40.45658912103281
          ],
          [
            -3.7953008901897523,
            40.45656912042896
          ],
          [
            -3.7953008901897523,
            40.456549119825105
          ],
          [
            -3.7953108904594193,
            40.45651911891932
          ],
          [
            -3.795280889650418,
            40.45647911771161
          ],
          [
            -3.795270889380751,
            40.45645911710775
          ],
          [
            -3.795250888841417,
            40.456439116503894
          ],
          [
            -3.79524088857175,
            40.45641911590004
          ],
          [
            -3.795230888302083,
            40.456399115296186
          ],
          [
            -3.795200887493082,
            40.4563691143904
          ],
          [
            -3.795180886953748,
            40.456349113786544
          ],
          [
            -3.7951308856054133,
            40.45631911288076
          ],
          [
            -3.7951008847964123,
            40.45630911257883
          ],
          [
            -3.795060883717744,
            40.456289111974975
          ],
          [
            -3.795020882639076,
            40.45626911137112
          ],
          [
            -3.794990881830075,
            40.456259111069194
          ],
          [
            -3.794950880751407,
            40.45624911076727
          ],
          [
            -3.7949008794030723,
            40.456229110163406
          ],
          [
            -3.794860878324404,
            40.45620910955955
          ],
          [
            -3.794810876976069,
            40.4561891089557
          ],
          [
            -3.794770875897401,
            40.45616910835184
          ],
          [
            -3.794750875358067,
            40.45614910774798
          ],
          [
            -3.7946908737400653,
            40.45612910714413
          ],
          [
            -3.7946608729310642,
            40.45609910623834
          ],
          [
            -3.794630872122063,
            40.45606910533256
          ],
          [
            -3.794600871313062,
            40.45603910442678
          ],
          [
            -3.794570870504061,
            40.45600910352099
          ],
          [
            -3.79454086969506,
            40.45597910261521
          ],
          [
            -3.794510868886059,
            40.45594910170942
          ],
          [
            -3.7944808680770583,
            40.45591910080364
          ],
          [
            -3.7944508672680572,
            40.45588909989785
          ],
          [
            -3.794420866459056,
            40.45585909899207
          ],
          [
            -3.794390865650055,
            40.45582909808629
          ],
          [
            -3.794360864841054,
            40.4557990971805
          ],
          [
            -3.79434086430172,
            40.45576909627472
          ],
          [
            -3.794320863762386,
            40.45573909536893
          ],
          [
            -3.794300863223052,
            40.45570909446315
          ],
          [
            -3.7942808626837183,
            40.455679093557364
          ],
          [
            -3.7942608621443843,
            40.45564909265158
          ],
          [
            -3.7942408616050503,
            40.4556190917458
          ],
          [
            -3.794220861065716,
            40.455589090840014
          ],
          [
            -3.794200860526382,
            40.45555908993423
          ],
          [
            -3.794180859987048,
            40.455529089028445
          ],
          [
            -3.794160859447714,
            40.455499088122664
          ],
          [
            -3.79414085890838,
            40.455469087216876
          ],
          [
            -3.794120858369046,
            40.455439086311095
          ],
          [
            -3.794100857829712,
            40.455409085405314
          ],
          [
            -3.794100857829712,
            40.45538908480145
          ],
          [
            -3.794100857829712,
            40.4553690841976
          ],
          [
            -3.794100857829712,
            40.455349083593745
          ],
          [
            -3.794090857560045,
            40.455329082989884
          ],
          [
            -3.794080857290378,
            40.45530908238603
          ],
          [
            -3.794070857020711,
            40.455289081782176
          ],
          [
            -3.7940608567510443,
            40.45526908117832
          ],
          [
            -3.7940508564813773,
            40.45524908057446
          ],
          [
            -3.7940408562117103,
            40.45522907997061
          ],
          [
            -3.7940308559420433,
            40.45521907966868
          ],
          [
            -3.7940208556723762,
            40.45520907936675
          ],
          [
            -3.794010855402709,
            40.455199079064826
          ],
          [
            -3.794000855133042,
            40.4551890787629
          ],
          [
            -3.793990854863375,
            40.455179078460965
          ],
          [
            -3.793980854593708,
            40.45516907815904
          ],
          [
            -3.793970854324041,
            40.45515907785711
          ],
          [
            -3.793960854054374,
            40.455149077555184
          ],
          [
            -3.793950853784707,
            40.45513907725326
          ],
          [
            -3.79394085351504,
            40.45512907695133
          ],
          [
            -3.793930853245373,
            40.4551190766494
          ],
          [
            -3.793920852975706,
            40.45510907634747
          ],
          [
            -3.793910852706039,
            40.45509907604554
          ],
          [
            -3.793900852436372,
            40.455089075743615
          ],
          [
            -3.793890852166705,
            40.45507907544169
          ],
          [
            -3.793880851897038,
            40.45506907513976
          ],
          [
            -3.793870851627371,
            40.455059074837834
          ],
          [
            -3.793860851357704,
            40.45504907453591
          ],
          [
            -3.7938508510880373,
            40.45503907423397
          ],
          [
            -3.7938408508183703,
            40.455029073932046
          ],
          [
            -3.7938308505487033,
            40.45501907363012
          ],
          [
            -3.7938208502790363,
            40.45500907332819
          ],
          [
            -3.7938108500093692,
            40.454999073026265
          ],
          [
            -3.793800849739702,
            40.45498907272434
          ],
          [
            -3.793790849470035,
            40.45497907242241
          ],
          [
            -3.793780849200368,
            40.45496907212048
          ],
          [
            -3.793760848661034,
            40.45495907181855
          ],
          [
            -3.7937408481217,
            40.45494907151662
          ],
          [
            -3.793720847582366,
            40.454939071214696
          ],
          [
            -3.793700847043032,
            40.45492907091277
          ],
          [
            -3.793680846503698,
            40.45491907061084
          ],
          [
            -3.793660845964364,
            40.454909070308915
          ],
          [
            -3.7936408454250303,
            40.45489907000698
          ],
          [
            -3.7936108446160293,
            40.45485906879927
          ],
          [
            -3.7936008443463622,
            40.45483906819542
          ],
          [
            -3.7936008443463622,
            40.45483906819542
          ],
          [
            -3.793550842998027,
            40.45475906577999
          ],
          [
            -3.79344084003169,
            40.45465906276071
          ],
          [
            -3.7932208340990163,
            40.4544390561183
          ],
          [
            -3.7930108284360093,
            40.454209049173954
          ],
          [
            -3.7929908278966753,
            40.45418904857009
          ],
          [
            -3.7929708273573413,
            40.45416904796624
          ],
          [
            -3.792950826818007,
            40.454149047362385
          ],
          [
            -3.79294082654834,
            40.454129046758524
          ],
          [
            -3.792930826278673,
            40.45410904615467
          ],
          [
            -3.792920826009006,
            40.454089045550816
          ],
          [
            -3.792910825739339,
            40.45406904494696
          ],
          [
            -3.792900825469672,
            40.4540490443431
          ],
          [
            -3.792890825200005,
            40.45402904373925
          ],
          [
            -3.792880824930338,
            40.45400904313539
          ],
          [
            -3.792870824660671,
            40.45398904253153
          ],
          [
            -3.792860824391004,
            40.45396904192768
          ],
          [
            -3.792850824121337,
            40.453949041323824
          ],
          [
            -3.79284082385167,
            40.45392904071997
          ],
          [
            -3.792830823582003,
            40.45390904011611
          ],
          [
            -3.792820823312336,
            40.453889039512255
          ],
          [
            -3.792810823042669,
            40.4538690389084
          ],
          [
            -3.793260835177684,
            40.45346902683128
          ],
          [
            -3.793230834368683,
            40.45341902532164
          ],
          [
            -3.7927508214246672,
            40.45263900177125
          ],
          [
            -3.792260808210984,
            40.45181897701316
          ],
          [
            -3.791880797963638,
            40.450958951047355
          ],
          [
            -3.791830796615303,
            40.45083894742422
          ],
          [
            -3.791230780435283,
            40.44957890938129
          ],
          [
            -3.791020774772276,
            40.448208868017154
          ],
          [
            -3.7908507701879373,
            40.44775885443039
          ],
          [
            -3.790810769109269,
            40.44763885080726
          ],
          [
            -3.790190752389915,
            40.44784885714775
          ],
          [
            -3.790080749423578,
            40.446748823935664
          ],
          [
            -3.790080749423578,
            40.445948799781426
          ],
          [
            -3.78864071059153,
            40.44590879857371
          ],
          [
            -3.789950745917907,
            40.442498695616266
          ],
          [
            -3.78714067014148,
            40.443468724903276
          ],
          [
            -3.78454060002806,
            40.444488755699936
          ],
          [
            -3.7829905582296752,
            40.44444875449222
          ],
          [
            -3.779450462767557,
            40.444348751472944
          ],
          [
            -3.77934045980122,
            40.444348751472944
          ],
          [
            -3.778520437688526,
            40.44398874060354
          ],
          [
            -3.777380406946488,
            40.44381873547076
          ],
          [
            -3.775660360563764,
            40.44389873788619
          ],
          [
            -3.7707002268089322,
            40.4441887466421
          ],
          [
            -3.770680226269598,
            40.4441887466421
          ],
          [
            -3.770680226269598,
            40.44298871041074
          ],
          [
            -3.770670225999931,
            40.440338630399815
          ],
          [
            -3.770660225730264,
            40.438378571221925
          ],
          [
            -3.770660225730264,
            40.437058531367434
          ],
          [
            -3.770650225460597,
            40.43556848638016
          ],
          [
            -3.770650225460597,
            40.43499846917026
          ],
          [
            -3.770630224921263,
            40.4295483046195
          ],
          [
            -3.771070236786611,
            40.429278296467444
          ],
          [
            -3.7718102567419693,
            40.42881828257876
          ],
          [
            -3.772350271303987,
            40.42847827231321
          ],
          [
            -3.773420300158356,
            40.427808252084034
          ],
          [
            -3.7736703069000312,
            40.42766824785704
          ],
          [
            -3.774150319844047,
            40.4273682387992
          ],
          [
            -3.774410326855389,
            40.427198233666424
          ],
          [
            -3.774990342496075,
            40.42684822309894
          ],
          [
            -3.775470355440091,
            40.426548214041105
          ],
          [
            -3.775750362990767,
            40.4263682086064
          ],
          [
            -3.776690388339465,
            40.42577819079265
          ],
          [
            -3.777400407485822,
            40.425348177809745
          ],
          [
            -3.778950449284207,
            40.424388148824654
          ],
          [
            -3.7789604495538742,
            40.4243681482208
          ],
          [
            -3.7796004668125622,
            40.423128110781725
          ],
          [
            -3.779700469509232,
            40.42291810444124
          ],
          [
            -3.7798604738239043,
            40.42263809598725
          ],
          [
            -3.780180482453248,
            40.42200807696579
          ],
          [
            -3.780210483262249,
            40.42188807334266
          ],
          [
            -3.780370487576921,
            40.42120805281155
          ],
          [
            -3.780590493509595,
            40.4202980253361
          ],
          [
            -3.7806604953972642,
            40.420028017184045
          ],
          [
            -3.7809005018692723,
            40.41901798668932
          ],
          [
            -3.78104050564461,
            40.418437969177496
          ],
          [
            -3.781220510498616,
            40.41766794592904
          ],
          [
            -3.781220510498616,
            40.41765794562711
          ],
          [
            -3.780930502678273,
            40.41649791060346
          ],
          [
            -3.780580493239928,
            40.41509786833355
          ],
          [
            -3.780410488655589,
            40.41438784689666
          ],
          [
            -3.779270457913551,
            40.412267782887916
          ],
          [
            -3.779020451171876,
            40.410857740316075
          ],
          [
            -3.7789904503628753,
            40.410657734277514
          ],
          [
            -3.77844043553119,
            40.40831766362636
          ],
          [
            -3.778200429059182,
            40.40773764611453
          ],
          [
            -3.778190428789515,
            40.40770764520875
          ],
          [
            -3.7781404274411803,
            40.40762764279333
          ],
          [
            -3.7774904099128253,
            40.40646760776968
          ],
          [
            -3.776700388609132,
            40.40537757485953
          ],
          [
            -3.776170374316781,
            40.40412753711853
          ],
          [
            -3.775420354091756,
            40.40335751387007
          ],
          [
            -3.774170320383381,
            40.402197478846425
          ],
          [
            -3.774390326316055,
            40.40040742480131
          ],
          [
            -3.774390326316055,
            40.40040742480131
          ],
          [
            -3.774390326316055,
            40.40039742449938
          ],
          [
            -3.774420327125056,
            40.400387424197454
          ],
          [
            -3.774430327394723,
            40.400387424197454
          ],
          [
            -3.775680361103098,
            40.400177417856966
          ],
          [
            -3.777450408834157,
            40.399237389475736
          ],
          [
            -3.7774804096431582,
            40.39921738887188
          ],
          [
            -3.7779404220478403,
            40.398127355961726
          ],
          [
            -3.7779404220478403,
            40.39773734418654
          ],
          [
            -3.779500464115892,
            40.396927319730366
          ],
          [
            -3.779930475711573,
            40.39591728923564
          ],
          [
            -3.7804804905432583,
            40.39545727534695
          ],
          [
            -3.780530491891593,
            40.395407273837314
          ],
          [
            -3.7813005126559522,
            40.39425723911559
          ],
          [
            -3.7817705253303013,
            40.39413723549246
          ],
          [
            -3.786570654770461,
            40.39290719835531
          ],
          [
            -3.789210725962549,
            40.39249718597626
          ],
          [
            -3.788400704119522,
            40.3940472327751
          ],
          [
            -3.7936008443463622,
            40.393707222509555
          ],
          [
            -3.796280916617118,
            40.392337181145415
          ],
          [
            -3.8008610401246044,
            40.39221717752228
          ],
          [
            -3.804071126687711,
            40.392127174804926
          ],
          [
            -3.8082312388691832,
            40.392487185674334
          ],
          [
            -3.810681304937598,
            40.39287719744953
          ],
          [
            -3.814671412534731,
            40.39410723458667
          ],
          [
            -3.818081504491178,
            40.396027292556845
          ],
          [
            -3.819131532806213,
            40.396437304935894
          ],
          [
            -3.819181534154548,
            40.396437304935894
          ],
          [
            -3.819231535502883,
            40.396437304935894
          ],
          [
            -3.8192815368512183,
            40.396437304935894
          ],
          [
            -3.819331538199553,
            40.39644730523782
          ],
          [
            -3.819381539547888,
            40.396457305539755
          ],
          [
            -3.819431540896223,
            40.39646730584168
          ],
          [
            -3.8194815422445583,
            40.39647730614361
          ],
          [
            -3.819531543592893,
            40.396487306445536
          ],
          [
            -3.819581544941228,
            40.39649730674746
          ],
          [
            -3.819631546289563,
            40.39650730704939
          ],
          [
            -3.8196815476378982,
            40.39651730735132
          ],
          [
            -3.8197315489862333,
            40.396527307653244
          ],
          [
            -3.820071558154911,
            40.396607310068674
          ],
          [
            -3.820411567323589,
            40.3966873124841
          ],
          [
            -3.82044156813259,
            40.3966873124841
          ],
          [
            -3.820471568941591,
            40.3966873124841
          ],
          [
            -3.820501569750592,
            40.3966873124841
          ],
          [
            -3.8205315705595932,
            40.3966873124841
          ],
          [
            -3.8205615713685943,
            40.3966873124841
          ],
          [
            -3.820591572177595,
            40.3966873124841
          ],
          [
            -3.820621572986596,
            40.3966873124841
          ],
          [
            -3.820651573795597,
            40.3966873124841
          ],
          [
            -3.820681574604598,
            40.3966873124841
          ],
          [
            -3.820711575413599,
            40.3966873124841
          ],
          [
            -3.8207415762226002,
            40.3966873124841
          ],
          [
            -3.820791577570935,
            40.3966873124841
          ],
          [
            -3.82084157891927,
            40.3966873124841
          ],
          [
            -3.820891580267605,
            40.3966873124841
          ],
          [
            -3.82094158161594,
            40.3966873124841
          ],
          [
            -3.8209915829642753,
            40.3966873124841
          ],
          [
            -3.82104158431261,
            40.3966873124841
          ],
          [
            -3.821091585660945,
            40.3966873124841
          ],
          [
            -3.82114158700928,
            40.3966873124841
          ],
          [
            -3.8211615875486142,
            40.3966873124841
          ],
          [
            -3.8211815880879483,
            40.3966873124841
          ],
          [
            -3.8212015886272823,
            40.3966873124841
          ],
          [
            -3.821221589166616,
            40.3966873124841
          ],
          [
            -3.82124158970595,
            40.3966873124841
          ],
          [
            -3.821261590245284,
            40.3966873124841
          ],
          [
            -3.821281590784618,
            40.3966873124841
          ],
          [
            -3.821301591323952,
            40.3966873124841
          ],
          [
            -3.821321591863286,
            40.3966873124841
          ],
          [
            -3.82134159240262,
            40.3966873124841
          ],
          [
            -3.821361592941954,
            40.3966873124841
          ],
          [
            -3.8213815934812883,
            40.3966873124841
          ],
          [
            -3.8214015940206223,
            40.3966873124841
          ],
          [
            -3.8214215945599563,
            40.3966873124841
          ],
          [
            -3.821511596986959,
            40.396697312786024
          ],
          [
            -3.8216015994139623,
            40.39670731308795
          ],
          [
            -3.821691601840965,
            40.39671731338988
          ],
          [
            -3.821781604267968,
            40.396727313691805
          ],
          [
            -3.8218316056163033,
            40.396727313691805
          ],
          [
            -3.821881606964638,
            40.396727313691805
          ],
          [
            -3.821931608312973,
            40.396727313691805
          ],
          [
            -3.821981609661308,
            40.39671731338988
          ],
          [
            -3.8220316110096433,
            40.39670731308795
          ],
          [
            -3.822081612357978,
            40.396697312786024
          ],
          [
            -3.822161614515314,
            40.3966873124841
          ],
          [
            -3.8222416166726503,
            40.39667731218217
          ],
          [
            -3.822321618829986,
            40.396667311880236
          ],
          [
            -3.822401620987322,
            40.39665731157831
          ],
          [
            -3.8224816231446583,
            40.39664731127638
          ],
          [
            -3.822561625301994,
            40.396637310974455
          ],
          [
            -3.8226416274593302,
            40.39662731067253
          ],
          [
            -3.822721629616666,
            40.3966173103706
          ],
          [
            -3.822791631504335,
            40.396607310068674
          ],
          [
            -3.822801631774002,
            40.396607310068674
          ],
          [
            -3.822811632043669,
            40.396607310068674
          ],
          [
            -3.822821632313336,
            40.396607310068674
          ],
          [
            -3.822831632583003,
            40.396607310068674
          ],
          [
            -3.82284163285267,
            40.396607310068674
          ],
          [
            -3.8228516331223372,
            40.396607310068674
          ],
          [
            -3.8228616333920042,
            40.396607310068674
          ],
          [
            -3.8228716336616713,
            40.396607310068674
          ],
          [
            -3.8228816339313383,
            40.396607310068674
          ],
          [
            -3.8228916342010053,
            40.396607310068674
          ],
          [
            -3.8229016344706723,
            40.396607310068674
          ],
          [
            -3.822911634740339,
            40.396607310068674
          ],
          [
            -3.822921635010006,
            40.396607310068674
          ],
          [
            -3.822931635279673,
            40.396607310068674
          ],
          [
            -3.82294163554934,
            40.396607310068674
          ],
          [
            -3.822951635819007,
            40.396607310068674
          ],
          [
            -3.822961636088674,
            40.396607310068674
          ],
          [
            -3.822971636358341,
            40.396607310068674
          ],
          [
            -3.822981636628008,
            40.396607310068674
          ],
          [
            -3.822991636897675,
            40.396607310068674
          ],
          [
            -3.823001637167342,
            40.396607310068674
          ],
          [
            -3.8232916449876853,
            40.39662731067253
          ],
          [
            -3.823581652808028,
            40.396637310974455
          ],
          [
            -3.823871660628371,
            40.39664731127638
          ],
          [
            -3.8239516627857073,
            40.39665731157831
          ],
          [
            -3.824031664943043,
            40.396667311880236
          ],
          [
            -3.824111667100379,
            40.39667731218217
          ],
          [
            -3.824191669257715,
            40.39667731218217
          ],
          [
            -3.824271671415051,
            40.39667731218217
          ],
          [
            -3.8243516735723873,
            40.39667731218217
          ],
          [
            -3.824431675729723,
            40.39667731218217
          ],
          [
            -3.824511677887059,
            40.39667731218217
          ],
          [
            -3.8245916800443953,
            40.39667731218217
          ],
          [
            -3.824671682201731,
            40.39667731218217
          ],
          [
            -3.824751684359067,
            40.39667731218217
          ],
          [
            -3.824831686516403,
            40.39667731218217
          ],
          [
            -3.824911688673739,
            40.39667731218217
          ],
          [
            -3.8249916908310753,
            40.396667311880236
          ],
          [
            -3.825071692988411,
            40.39665731157831
          ],
          [
            -3.825151695145747,
            40.39664731127638
          ],
          [
            -3.8252316973030833,
            40.396637310974455
          ],
          [
            -3.825311699460419,
            40.39662731067253
          ],
          [
            -3.825461703505424,
            40.396607310068674
          ],
          [
            -3.8256117075504292,
            40.39658730946481
          ],
          [
            -3.825761711595434,
            40.39656730886096
          ],
          [
            -3.825911715640439,
            40.396547308257105
          ],
          [
            -3.8260617196854443,
            40.39653730795518
          ],
          [
            -3.826211723730449,
            40.396527307653244
          ],
          [
            -3.826361727775454,
            40.39651730735132
          ],
          [
            -3.8265117318204593,
            40.39650730704939
          ],
          [
            -3.826661735865464,
            40.39649730674746
          ],
          [
            -3.826811739910469,
            40.39649730674746
          ],
          [
            -3.826961743955474,
            40.39649730674746
          ],
          [
            -3.8271117480004793,
            40.39649730674746
          ],
          [
            -3.827251751775817,
            40.396487306445536
          ],
          [
            -3.827391755551155,
            40.39647730614361
          ],
          [
            -3.8275217590568262,
            40.39647730614361
          ],
          [
            -3.827661762832164,
            40.39647730614361
          ],
          [
            -3.827801766607502,
            40.39647730614361
          ],
          [
            -3.827931770113173,
            40.396487306445536
          ],
          [
            -3.828051773349177,
            40.39649730674746
          ],
          [
            -3.8281917771245153,
            40.39650730704939
          ],
          [
            -3.828351781439187,
            40.39650730704939
          ],
          [
            -3.828511785753859,
            40.39650730704939
          ],
          [
            -3.82864178925953,
            40.39650730704939
          ],
          [
            -3.828771792765201,
            40.39649730674746
          ],
          [
            -3.8288317943832033,
            40.39649730674746
          ],
          [
            -3.828891796001205,
            40.39649730674746
          ],
          [
            -3.828951797619207,
            40.39649730674746
          ],
          [
            -3.8290117992372092,
            40.39649730674746
          ],
          [
            -3.829071800855211,
            40.39649730674746
          ],
          [
            -3.829131802473213,
            40.39649730674746
          ],
          [
            -3.829191804091215,
            40.39649730674746
          ],
          [
            -3.8292518057092173,
            40.39649730674746
          ],
          [
            -3.829311807327219,
            40.39649730674746
          ],
          [
            -3.829371808945221,
            40.39649730674746
          ],
          [
            -3.8294318105632232,
            40.396487306445536
          ],
          [
            -3.829491812181225,
            40.39647730614361
          ],
          [
            -3.829551813799227,
            40.39646730584168
          ],
          [
            -3.829611815417229,
            40.396457305539755
          ],
          [
            -3.8296718170352313,
            40.39644730523782
          ],
          [
            -3.829791820271235,
            40.396437304935894
          ],
          [
            -3.829911823507239,
            40.39642730463397
          ],
          [
            -3.830031826743243,
            40.39640730403011
          ],
          [
            -3.830151829979247,
            40.39638730342626
          ],
          [
            -3.830271833215251,
            40.3963673028224
          ],
          [
            -3.830381836181588,
            40.396347302218544
          ],
          [
            -3.8304918391479252,
            40.39632730161469
          ],
          [
            -3.830601842114262,
            40.39630730101083
          ],
          [
            -3.8307118450805993,
            40.39627730010505
          ],
          [
            -3.8307518461592673,
            40.39626729980312
          ],
          [
            -3.830791847237935,
            40.396257299501194
          ],
          [
            -3.830831848316603,
            40.39624729919927
          ],
          [
            -3.830871849395271,
            40.39623729889733
          ],
          [
            -3.8309118504739392,
            40.396227298595406
          ],
          [
            -3.8309618518222743,
            40.396227298595406
          ],
          [
            -3.831011853170609,
            40.396227298595406
          ],
          [
            -3.831061854518944,
            40.396227298595406
          ],
          [
            -3.831111855867279,
            40.396227298595406
          ],
          [
            -3.8311618572156143,
            40.396227298595406
          ],
          [
            -3.831211858563949,
            40.396227298595406
          ],
          [
            -3.831261859912284,
            40.39621729829348
          ],
          [
            -3.831311861260619,
            40.39620729799155
          ],
          [
            -3.8313618626089543,
            40.396197297689625
          ],
          [
            -3.831411863957289,
            40.3961872973877
          ],
          [
            -3.831461865305624,
            40.39617729708577
          ],
          [
            -3.831511866653959,
            40.39616729678384
          ],
          [
            -3.8315618680022943,
            40.39615729648191
          ],
          [
            -3.831611869350629,
            40.39614729617998
          ],
          [
            -3.831711872047299,
            40.396137295878056
          ],
          [
            -3.8318118747439693,
            40.39612729557613
          ],
          [
            -3.831911877440639,
            40.3961172952742
          ],
          [
            -3.8320118801373093,
            40.396107294972275
          ],
          [
            -3.832111882833979,
            40.396107294972275
          ],
          [
            -3.832151883912647,
            40.396107294972275
          ],
          [
            -3.8321918849913152,
            40.396107294972275
          ],
          [
            -3.8322318860699833,
            40.396107294972275
          ],
          [
            -3.832271887148651,
            40.396107294972275
          ],
          [
            -3.832311888227319,
            40.396107294972275
          ],
          [
            -3.832351889305987,
            40.396107294972275
          ],
          [
            -3.832391890384655,
            40.396107294972275
          ],
          [
            -3.8324318914633233,
            40.396107294972275
          ],
          [
            -3.832471892541991,
            40.396107294972275
          ],
          [
            -3.832511893620659,
            40.396107294972275
          ],
          [
            -3.832551894699327,
            40.396107294972275
          ],
          [
            -3.832591895777995,
            40.396107294972275
          ],
          [
            -3.8326318968566633,
            40.396107294972275
          ],
          [
            -3.832671897935331,
            40.396107294972275
          ],
          [
            -3.832711899013999,
            40.396107294972275
          ],
          [
            -3.832751900092667,
            40.396107294972275
          ],
          [
            -3.832791901171335,
            40.3961172952742
          ],
          [
            -3.8328219019803362,
            40.39612729557613
          ],
          [
            -3.8328519027893373,
            40.396137295878056
          ],
          [
            -3.832981906295008,
            40.39615729648191
          ],
          [
            -3.833111909800679,
            40.39617729708577
          ],
          [
            -3.8332419133063502,
            40.396197297689625
          ],
          [
            -3.833371916812021,
            40.39621729829348
          ],
          [
            -3.8335019203176923,
            40.39623729889733
          ],
          [
            -3.833651924362697,
            40.39623729889733
          ],
          [
            -3.833851929756037,
            40.39621729829348
          ],
          [
            -3.834061935419044,
            40.396137295878056
          ],
          [
            -3.833651924362697,
            40.3957972856125
          ],
          [
            -3.833351916272687,
            40.395547278064306
          ],
          [
            -3.833351916272687,
            40.39553727776237
          ],
          [
            -3.833331915733353,
            40.39548727625274
          ],
          [
            -3.833301914924352,
            40.39541727413924
          ],
          [
            -3.8332719141153513,
            40.39535727232767
          ],
          [
            -3.8332519135760172,
            40.39530727081803
          ],
          [
            -3.833201912227682,
            40.395177266892965
          ],
          [
            -3.833171911418681,
            40.39510726477947
          ],
          [
            -3.83314191060968,
            40.39501726206212
          ],
          [
            -3.833121910070346,
            40.39494725994862
          ],
          [
            -3.833091909261345,
            40.3948672575332
          ],
          [
            -3.8330619084523443,
            40.39477725481585
          ],
          [
            -3.833021907373676,
            40.394677251796566
          ],
          [
            -3.832981906295008,
            40.39457724877729
          ],
          [
            -3.832921904677006,
            40.394437244550296
          ],
          [
            -3.8328719033286713,
            40.39431724092716
          ],
          [
            -3.832811901710669,
            40.39415723609631
          ],
          [
            -3.832811901710669,
            40.394147235794385
          ],
          [
            -3.832721899283666,
            40.393947229755824
          ],
          [
            -3.832721899283666,
            40.3939372294539
          ],
          [
            -3.8326618976656643,
            40.39381722583076
          ],
          [
            -3.8326118963173292,
            40.39371722281148
          ],
          [
            -3.832561894968994,
            40.39365722099991
          ],
          [
            -3.832551894699327,
            40.39365722099991
          ],
          [
            -3.8324118909239893,
            40.39339721314978
          ],
          [
            -3.832311888227319,
            40.39321720771508
          ],
          [
            -3.832281887418318,
            40.39316720620544
          ],
          [
            -3.8322018852609823,
            40.3930472025823
          ],
          [
            -3.832101882564312,
            40.392887197751456
          ],
          [
            -3.832031880676643,
            40.392777194430245
          ],
          [
            -3.8320018798676423,
            40.39272719292061
          ],
          [
            -3.831921877710306,
            40.39260718929747
          ],
          [
            -3.83184187555297,
            40.392487185674334
          ],
          [
            -3.831751873125967,
            40.3923671820512
          ],
          [
            -3.831691871507965,
            40.39228717963577
          ],
          [
            -3.8315918688112953,
            40.39214717540878
          ],
          [
            -3.8315618680022943,
            40.392117174503
          ],
          [
            -3.830821848046936,
            40.391107144008274
          ],
          [
            -3.830821848046936,
            40.391107144008274
          ],
          [
            -3.830821848046936,
            40.391107144008274
          ],
          [
            -3.830821848046936,
            40.391107144008274
          ],
          [
            -3.830781846968268,
            40.39112714461213
          ],
          [
            -3.830761846428934,
            40.391107144008274
          ],
          [
            -3.8307418458896003,
            40.391077143102486
          ],
          [
            -3.830691844541265,
            40.39101714129092
          ],
          [
            -3.830601842114262,
            40.390897137667785
          ],
          [
            -3.8305418404962603,
            40.39081713525236
          ],
          [
            -3.830451838069257,
            40.39070713193115
          ],
          [
            -3.830251832675917,
            40.39044712408102
          ],
          [
            -3.830231832136583,
            40.39042712347717
          ],
          [
            -3.830171830518581,
            40.390347121061744
          ],
          [
            -3.830161830248914,
            40.39032712045789
          ],
          [
            -3.8301118289005793,
            40.39026711864632
          ],
          [
            -3.8301118289005793,
            40.39026711864632
          ],
          [
            -3.8301118289005793,
            40.390257118344394
          ],
          [
            -3.8301118289005793,
            40.39024711804247
          ],
          [
            -3.830131829439913,
            40.390227117438606
          ],
          [
            -3.830161830248914,
            40.39020711683475
          ],
          [
            -3.830161830248914,
            40.390197116532825
          ],
          [
            -3.830161830248914,
            40.3901871162309
          ],
          [
            -3.830151829979247,
            40.39017711592897
          ],
          [
            -3.8301018286309123,
            40.390107113815475
          ],
          [
            -3.8300918283612453,
            40.39009711351354
          ],
          [
            -3.830001825934242,
            40.38998711019234
          ],
          [
            -3.829991825664575,
            40.38997710989041
          ],
          [
            -3.8298718224285713,
            40.38982710536149
          ],
          [
            -3.829771819731901,
            40.389697101436425
          ],
          [
            -3.829761819462234,
            40.3896871011345
          ],
          [
            -3.8296418162262302,
            40.38953709660557
          ],
          [
            -3.829531813259893,
            40.38938709207665
          ],
          [
            -3.829521812990226,
            40.389377091774726
          ],
          [
            -3.829411810023889,
            40.389237087547734
          ],
          [
            -3.829411810023889,
            40.38922708724581
          ],
          [
            -3.829291806787885,
            40.38906708241496
          ],
          [
            -3.829281806518218,
            40.389057082113034
          ],
          [
            -3.829111801933879,
            40.38883707547062
          ],
          [
            -3.8290017989675422,
            40.38868707094169
          ],
          [
            -3.828871795461871,
            40.388527066110846
          ],
          [
            -3.828771792765201,
            40.38840706248771
          ],
          [
            -3.82364165442603,
            40.38221687559428
          ],
          [
            -3.823581652808028,
            40.38200686925379
          ],
          [
            -3.823581652808028,
            40.3819368671403
          ],
          [
            -3.8235116509203593,
            40.38180686321523
          ],
          [
            -3.8233116455270193,
            40.3814368520439
          ],
          [
            -3.823261644178684,
            40.38137685023233
          ],
          [
            -3.823121640403346,
            40.381146843287986
          ],
          [
            -3.8228516331223372,
            40.380796832720506
          ],
          [
            -3.8226816285379983,
            40.38057682607809
          ],
          [
            -3.8224416220659903,
            40.38029681762411
          ],
          [
            -3.8220616118186443,
            40.379896805546984
          ],
          [
            -3.821881606964638,
            40.37976680162192
          ],
          [
            -3.821531597526293,
            40.379456792262154
          ],
          [
            -3.8213715932116212,
            40.37931678803516
          ],
          [
            -3.821291591054285,
            40.37925678622359
          ],
          [
            -3.821111586200279,
            40.37903677958118
          ],
          [
            -3.820691574874265,
            40.378606766598274
          ],
          [
            -3.820051557615577,
            40.37791674576524
          ],
          [
            -3.819431540896223,
            40.377256725837995
          ],
          [
            -3.819321537929886,
            40.37715672281871
          ],
          [
            -3.8190815314578783,
            40.37687671436473
          ],
          [
            -3.818581517974528,
            40.37630669715483
          ],
          [
            -3.8180015023338423,
            40.37566667783144
          ],
          [
            -3.817931500446173,
            40.37555667451023
          ],
          [
            -3.8178114972101693,
            40.3754366708871
          ],
          [
            -3.817761495861834,
            40.37537666907553
          ],
          [
            -3.817681493704498,
            40.37528666635818
          ],
          [
            -3.817651492895497,
            40.375276666056244
          ],
          [
            -3.81764149262583,
            40.37525666545239
          ],
          [
            -3.817481488311158,
            40.375096660621544
          ],
          [
            -3.8171514794121473,
            40.37471664914828
          ],
          [
            -3.817011475636809,
            40.37457664492129
          ],
          [
            -3.816591464310795,
            40.37410663073067
          ],
          [
            -3.815311429793419,
            40.37259658513954
          ],
          [
            -3.814891418467405,
            40.37201656762772
          ],
          [
            -3.814151398512047,
            40.3711165404542
          ],
          [
            -3.813401378287022,
            40.370146511167185
          ],
          [
            -3.813231373702683,
            40.3699365048267
          ],
          [
            -3.8131513715453473,
            40.369706497882355
          ],
          [
            -3.812751360758667,
            40.368836471614614
          ],
          [
            -3.81214134430898,
            40.36743642934469
          ],
          [
            -3.812021341072976,
            40.367076418475285
          ],
          [
            -3.811761334061634,
            40.36647640035961
          ],
          [
            -3.811361323274954,
            40.365726377715006
          ],
          [
            -3.810831308982603,
            40.36469634661643
          ],
          [
            -3.810451298735257,
            40.36381632004676
          ],
          [
            -3.8097412795889003,
            40.36435633635087
          ],
          [
            -3.806871202194471,
            40.366546402473105
          ],
          [
            -3.804151128845047,
            40.364556342389434
          ],
          [
            -3.8040311256090433,
            40.36446633967208
          ],
          [
            -3.803881121564038,
            40.364326335445085
          ],
          [
            -3.8037911191370353,
            40.364236332727735
          ],
          [
            -3.803681116170698,
            40.364146330010385
          ],
          [
            -3.8035711132043613,
            40.364056327293035
          ],
          [
            -3.803491111047025,
            40.36398632517954
          ],
          [
            -3.8034011086200223,
            40.36390632276411
          ],
          [
            -3.803331106732353,
            40.36384632095255
          ],
          [
            -3.803261104844684,
            40.36378631914098
          ],
          [
            -3.8031811026873483,
            40.36372631732941
          ],
          [
            -3.803091100260345,
            40.36365631521591
          ],
          [
            -3.803021098372676,
            40.363596313404344
          ],
          [
            -3.8029410962153403,
            40.363536311592775
          ],
          [
            -3.802831093249003,
            40.36345630917735
          ],
          [
            -3.802791092170335,
            40.3634363085735
          ],
          [
            -3.802611087316329,
            40.363386307063855
          ],
          [
            -3.802471083540991,
            40.363356306158074
          ],
          [
            -3.801991070596975,
            40.36325630313879
          ],
          [
            -3.801781064933968,
            40.36320630162915
          ],
          [
            -3.8014810568439583,
            40.363146299817586
          ],
          [
            -3.801301051989952,
            40.36310629860987
          ],
          [
            -3.8010610455179443,
            40.36305629710023
          ],
          [
            -3.800761037427934,
            40.36299629528866
          ],
          [
            -3.8004210282592563,
            40.36291629287324
          ],
          [
            -3.80014102070858,
            40.36284629075974
          ],
          [
            -3.799821012079236,
            40.362776288646245
          ],
          [
            -3.7995510047982273,
            40.36272628713661
          ],
          [
            -3.799200995359882,
            40.36266628532504
          ],
          [
            -3.7989409883485403,
            40.362626284117326
          ],
          [
            -3.7986909816068652,
            40.36260628351347
          ],
          [
            -3.798450975134857,
            40.36257628260769
          ],
          [
            -3.798120966235846,
            40.36252628109805
          ],
          [
            -3.797780957067168,
            40.36246627928648
          ],
          [
            -3.7974509481681573,
            40.36241627777684
          ],
          [
            -3.7972509427748173,
            40.36237627656913
          ],
          [
            -3.797070937920811,
            40.36234627566334
          ],
          [
            -3.796900933336472,
            40.36231627475756
          ],
          [
            -3.7968009306398023,
            40.36229627415371
          ],
          [
            -3.796660926864464,
            40.36226627324792
          ],
          [
            -3.796430920662123,
            40.362216271738276
          ],
          [
            -3.795980908527108,
            40.362096268115145
          ],
          [
            -3.7957609025944343,
            40.36206626720936
          ],
          [
            -3.795600898279762,
            40.362036266303576
          ],
          [
            -3.795350891538087,
            40.36197626449201
          ],
          [
            -3.7950908845267453,
            40.36190626237851
          ],
          [
            -3.794960881021074,
            40.361866261170796
          ],
          [
            -3.794630872122063,
            40.361746257547665
          ],
          [
            -3.794210860796049,
            40.36158625271682
          ],
          [
            -3.793960854054374,
            40.361486249697535
          ],
          [
            -3.793690846773365,
            40.3613662460744
          ],
          [
            -3.793510841919359,
            40.361286243658974
          ],
          [
            -3.793350837604687,
            40.36120624124355
          ],
          [
            -3.793160832481014,
            40.361106238224274
          ],
          [
            -3.792950826818007,
            40.36099623490306
          ],
          [
            -3.792730820885333,
            40.360876231279924
          ],
          [
            -3.7925908171099953,
            40.36080622916643
          ],
          [
            -3.792460813604324,
            40.36073622705293
          ],
          [
            -3.7923508106379873,
            40.36067622524137
          ],
          [
            -3.792250807941317,
            40.36062622373173
          ],
          [
            -3.792080803356978,
            40.360546221316305
          ],
          [
            -3.7919207990423063,
            40.36046621890088
          ],
          [
            -3.791780795266968,
            40.360396216787386
          ],
          [
            -3.791550789064627,
            40.3602962137681
          ],
          [
            -3.791410785289289,
            40.360226211654606
          ],
          [
            -3.7911007769296123,
            40.36009620772954
          ],
          [
            -3.790780768300268,
            40.35995620350255
          ],
          [
            -3.790290755086585,
            40.35974619716206
          ],
          [
            -3.789910744839239,
            40.359586192331214
          ],
          [
            -3.789490733513225,
            40.35942618750037
          ],
          [
            -3.788850716254537,
            40.359176179952165
          ],
          [
            -3.788360703040854,
            40.35900617481939
          ],
          [
            -3.787990693063175,
            40.3588661705924
          ],
          [
            -3.787850689287837,
            40.358826169384685
          ],
          [
            -3.787780687400168,
            40.35880616878083
          ],
          [
            -3.7877006852428323,
            40.358796168478904
          ],
          [
            -3.78744067823149,
            40.35885617029047
          ],
          [
            -3.787330675265153,
            40.35889617149818
          ],
          [
            -3.787160670680814,
            40.35896617361168
          ],
          [
            -3.7870206669054762,
            40.359026175423246
          ],
          [
            -3.7868106612424692,
            40.35912617844253
          ],
          [
            -3.7866106558491293,
            40.35921618115988
          ],
          [
            -3.785950638051107,
            40.35951619021772
          ],
          [
            -3.785530626725093,
            40.359696195652425
          ],
          [
            -3.785080614590078,
            40.35988620138905
          ],
          [
            -3.784810607309069,
            40.359996204710264
          ],
          [
            -3.784650602994397,
            40.36005620652183
          ],
          [
            -3.784400596252722,
            40.360196210748825
          ],
          [
            -3.784020586005376,
            40.36038621648546
          ],
          [
            -3.783760578994034,
            40.36051622041052
          ],
          [
            -3.78334056766802,
            40.36071622644908
          ],
          [
            -3.782880555263338,
            40.36094623339342
          ],
          [
            -3.78244054339799,
            40.36116624003584
          ],
          [
            -3.7819405299146402,
            40.361396246980185
          ],
          [
            -3.781800526139302,
            40.36146624909368
          ],
          [
            -3.781650522094297,
            40.36153625120718
          ],
          [
            -3.781580520206628,
            40.361576252414885
          ],
          [
            -3.781500518049292,
            40.3616162536226
          ],
          [
            -3.781400515352622,
            40.361656254830315
          ],
          [
            -3.7813005126559522,
            40.361686255736096
          ],
          [
            -3.781190509689615,
            40.36170625633995
          ],
          [
            -3.7810805067232782,
            40.36171625664188
          ],
          [
            -3.780970503756941,
            40.36173625724574
          ],
          [
            -3.7808905015996053,
            40.36175625784959
          ],
          [
            -3.780720497015266,
            40.36181625966116
          ],
          [
            -3.7802704848802513,
            40.36199626509586
          ],
          [
            -3.776700388609132,
            40.36140624728211
          ],
          [
            -3.773380299079688,
            40.36067622524137
          ],
          [
            -3.772300269955652,
            40.35989620169099
          ],
          [
            -3.7715702502699613,
            40.35995620350255
          ],
          [
            -3.771090237325945,
            40.359996204710264
          ],
          [
            -3.766190105189115,
            40.35889617149818
          ],
          [
            -3.761459977636624,
            40.35806614643816
          ],
          [
            -3.757649874893497,
            40.357386125907055
          ],
          [
            -3.7543697864427212,
            40.35810614764587
          ],
          [
            -3.754359786173054,
            40.35810614764587
          ],
          [
            -3.750309676957919,
            40.35907617693289
          ],
          [
            -3.746619577450796,
            40.35989620169099
          ],
          [
            -3.743329488730353,
            40.36058622252401
          ],
          [
            -3.7384993584811923,
            40.36166625513224
          ],
          [
            -3.7340692390187114,
            40.36266628532504
          ],
          [
            -3.730499142747592,
            40.36345630917735
          ],
          [
            -3.7270590499821443,
            40.36465634540871
          ],
          [
            -3.7234089515536892,
            40.36548637046874
          ],
          [
            -3.72083888224927,
            40.36566637590344
          ],
          [
            -3.720928884676273,
            40.364906352956915
          ],
          [
            -3.720928884676273,
            40.364906352956915
          ],
          [
            -3.7211088895302793,
            40.363446308875425
          ],
          [
            -3.7217189059799662,
            40.359056176329034
          ],
          [
            -3.7223489229689872,
            40.354456037442155
          ],
          [
            -3.7234389523626903,
            40.34566577204744
          ],
          [
            -3.723928965576373,
            40.34200566154179
          ],
          [
            -3.724358977172054,
            40.3388655667364
          ],
          [
            -3.724868990925071,
            40.33510545321147
          ],
          [
            -3.723608956947029,
            40.33367541003577
          ],
          [
            -3.722628930519663,
            40.33290538678731
          ],
          [
            -3.720108862563579,
            40.330925327005566
          ],
          [
            -3.714388708314055,
            40.328175243975366
          ],
          [
            -3.7128486667853373,
            40.325745170606865
          ],
          [
            -3.712478656807658,
            40.3236151062962
          ],
          [
            -3.710018590469576,
            40.323525103578845
          ],
          [
            -3.7079785354575083,
            40.32313509180366
          ],
          [
            -3.7030584027813442,
            40.32224506493206
          ],
          [
            -3.699558308397894,
            40.322475071876404
          ],
          [
            -3.6960982150931123,
            40.322345067951346
          ],
          [
            -3.692958130417674,
            40.32023500424454
          ],
          [
            -3.69293812987834,
            40.32017500243297
          ],
          [
            -3.692808126372669,
            40.32023500424454
          ],
          [
            -3.6926881231366653,
            40.32032500696189
          ],
          [
            -3.6924881177433253,
            40.320485011792734
          ],
          [
            -3.6922781120803183,
            40.3206150157178
          ],
          [
            -3.6922481112713172,
            40.3206150157178
          ],
          [
            -3.692088106956645,
            40.32063501632165
          ],
          [
            -3.6918280999453033,
            40.32073501934094
          ],
          [
            -3.6912180834956163,
            40.32105502900263
          ],
          [
            -3.690948076214607,
            40.321145031719986
          ],
          [
            -3.689808045472569,
            40.32148504198553
          ],
          [
            -3.688728016348533,
            40.32177505074145
          ],
          [
            -3.687767990460501,
            40.322035058591574
          ],
          [
            -3.68743798156149,
            40.32206505949736
          ],
          [
            -3.686877966460138,
            40.322055059195435
          ],
          [
            -3.6865379572914603,
            40.322115061007
          ],
          [
            -3.686177947583448,
            40.32215506221471
          ],
          [
            -3.6856679338304312,
            40.32222506432821
          ],
          [
            -3.685167920347081,
            40.322325067347485
          ],
          [
            -3.684997915762742,
            40.322385069159054
          ],
          [
            -3.6848479117177373,
            40.322475071876404
          ],
          [
            -3.6846279057850633,
            40.32257507489569
          ],
          [
            -3.684357898504054,
            40.32272507942461
          ],
          [
            -3.684177893650048,
            40.3228650836516
          ],
          [
            -3.6837978834027023,
            40.32315509240751
          ],
          [
            -3.683517875852026,
            40.32332509754029
          ],
          [
            -3.683287869649685,
            40.32344510116342
          ],
          [
            -3.6831478658743473,
            40.32350510297499
          ],
          [
            -3.6829178596720062,
            40.32356510478656
          ],
          [
            -3.682657852660664,
            40.3236151062962
          ],
          [
            -3.682367844840321,
            40.32370510901355
          ],
          [
            -3.68203783594131,
            40.323875114146325
          ],
          [
            -3.681747828120967,
            40.32407512018489
          ],
          [
            -3.68153782245796,
            40.32424512531767
          ],
          [
            -3.681197813289282,
            40.32449513286586
          ],
          [
            -3.680977807356608,
            40.32464513739478
          ],
          [
            -3.680887804929605,
            40.32473514011213
          ],
          [
            -3.680847803850937,
            40.324875144339124
          ],
          [
            -3.680767801693601,
            40.32506515007576
          ],
          [
            -3.680687799536265,
            40.325305157322035
          ],
          [
            -3.6805977971092623,
            40.32549516305866
          ],
          [
            -3.68043779279459,
            40.32575517090879
          ],
          [
            -3.6801577852439142,
            40.325985177853134
          ],
          [
            -3.679857777153904,
            40.326185183891695
          ],
          [
            -3.679417765288556,
            40.32635518902447
          ],
          [
            -3.6791377577378803,
            40.32646519234568
          ],
          [
            -3.67883774964787,
            40.32646519234568
          ],
          [
            -3.6784777399398583,
            40.326505193553395
          ],
          [
            -3.678177731849848,
            40.32658519596882
          ],
          [
            -3.677917724838506,
            40.32660519657267
          ],
          [
            -3.6776477175574973,
            40.32658519596882
          ],
          [
            -3.677057701647144,
            40.3265451947611
          ],
          [
            -3.6767876943661353,
            40.32647519264761
          ],
          [
            -3.676227679264783,
            40.32631518781676
          ],
          [
            -3.67583766874777,
            40.32622518509941
          ],
          [
            -3.67533765526442,
            40.32622518509941
          ],
          [
            -3.674807640972069,
            40.32620518449555
          ],
          [
            -3.674207624792049,
            40.326215184797476
          ],
          [
            -3.673547606994027,
            40.32606518026856
          ],
          [
            -3.6727775862296683,
            40.325835173324215
          ],
          [
            -3.672077567352978,
            40.32567516849337
          ],
          [
            -3.671367548206621,
            40.325455161850954
          ],
          [
            -3.6710775403862783,
            40.32538515973746
          ],
          [
            -3.670377521509588,
            40.32514515249118
          ],
          [
            -3.670077513419578,
            40.3251151515854
          ],
          [
            -3.6697875055992353,
            40.32514515249118
          ],
          [
            -3.6695774999362283,
            40.32516515309504
          ],
          [
            -3.669447496430557,
            40.32519515400082
          ],
          [
            -3.669297492385552,
            40.325245155510466
          ],
          [
            -3.669107487261879,
            40.325305157322035
          ],
          [
            -3.6689374826775403,
            40.32538515973746
          ],
          [
            -3.668777478362868,
            40.32546516215288
          ],
          [
            -3.668667475396531,
            40.32552516396445
          ],
          [
            -3.668427468924523,
            40.32566516819144
          ],
          [
            -3.6682874651491852,
            40.325745170606865
          ],
          [
            -3.668217463261516,
            40.32578517181457
          ],
          [
            -3.668057458946844,
            40.32590517543771
          ],
          [
            -3.667947455980507,
            40.32599517815506
          ],
          [
            -3.6678574535535042,
            40.32605517996663
          ],
          [
            -3.667767451126501,
            40.326095181174345
          ],
          [
            -3.66763744762083,
            40.326155182985914
          ],
          [
            -3.667417441688156,
            40.32626518630712
          ],
          [
            -3.667287438182485,
            40.32634518872254
          ],
          [
            -3.6672274365644832,
            40.32638518993026
          ],
          [
            -3.667187435485815,
            40.32641519083604
          ],
          [
            -3.667147434407147,
            40.326445191741826
          ],
          [
            -3.6670474317104773,
            40.32657519566689
          ],
          [
            -3.666977429822808,
            40.32667519868617
          ],
          [
            -3.666927428474473,
            40.32673520049774
          ],
          [
            -3.6668274257778033,
            40.326885205026656
          ],
          [
            -3.666777424429468,
            40.327005208649794
          ],
          [
            -3.666757423890134,
            40.327065210461356
          ],
          [
            -3.666727423081133,
            40.327125212272925
          ],
          [
            -3.666697422272132,
            40.32717521378257
          ],
          [
            -3.666667421463131,
            40.32722521529221
          ],
          [
            -3.666647420923797,
            40.32725521619799
          ],
          [
            -3.66663742065413,
            40.327275216801844
          ],
          [
            -3.666577419036128,
            40.327325218311486
          ],
          [
            -3.6663774136427882,
            40.32745522223655
          ],
          [
            -3.666127406901113,
            40.32763522767126
          ],
          [
            -3.6659474020471072,
            40.32775523129439
          ],
          [
            -3.665687395035765,
            40.32790523582331
          ],
          [
            -3.665517390451426,
            40.327995238540666
          ],
          [
            -3.665407387485089,
            40.32807524095609
          ],
          [
            -3.665257383440084,
            40.328175243975366
          ],
          [
            -3.665147380473747,
            40.328265246692716
          ],
          [
            -3.665027377237743,
            40.32837525001393
          ],
          [
            -3.664877373192738,
            40.32853525484477
          ],
          [
            -3.664977375889408,
            40.32859525665634
          ],
          [
            -3.6640673513497113,
            40.32900526903539
          ],
          [
            -3.663767343259701,
            40.329175274168165
          ],
          [
            -3.663717341911366,
            40.3291152723566
          ],
          [
            -3.663677340832698,
            40.32907527114889
          ],
          [
            -3.663597338675362,
            40.32906527084696
          ],
          [
            -3.663477335439358,
            40.32906527084696
          ],
          [
            -3.663357332203354,
            40.32907527114889
          ],
          [
            -3.6632273286976833,
            40.329055270545034
          ],
          [
            -3.663107325461679,
            40.32903526994117
          ],
          [
            -3.662967321686341,
            40.32895526752575
          ],
          [
            -3.66283731818067,
            40.32887526511033
          ],
          [
            -3.662687314135665,
            40.32875526148719
          ],
          [
            -3.662647313056997,
            40.32871526027948
          ],
          [
            -3.6625873114389953,
            40.32868525937369
          ],
          [
            -3.662487308742325,
            40.32868525937369
          ],
          [
            -3.662427307124323,
            40.32866525876984
          ],
          [
            -3.6623873060456553,
            40.32862525756213
          ],
          [
            -3.662267302809651,
            40.32859525665634
          ],
          [
            -3.662217301461316,
            40.32857525605249
          ],
          [
            -3.6621372993039802,
            40.32850525393899
          ],
          [
            -3.661907293101639,
            40.32833524880621
          ],
          [
            -3.6617572890566343,
            40.32822524548501
          ],
          [
            -3.661617285281296,
            40.32813524276766
          ],
          [
            -3.6615172825846263,
            40.32806524065416
          ],
          [
            -3.661427280157623,
            40.327975237936805
          ],
          [
            -3.6613172771912863,
            40.32792523642717
          ],
          [
            -3.661177273415948,
            40.32787523491753
          ],
          [
            -3.661057270179944,
            40.32784523401175
          ],
          [
            -3.66093726694394,
            40.32784523401175
          ],
          [
            -3.660787262898935,
            40.32783523370981
          ],
          [
            -3.66063725885393,
            40.32784523401175
          ],
          [
            -3.6604672542695913,
            40.32787523491753
          ],
          [
            -3.6602672488762513,
            40.327885235219455
          ],
          [
            -3.6598172367412363,
            40.32789523552138
          ],
          [
            -3.6598372372805703,
            40.32800523884259
          ],
          [
            -3.65743717256049,
            40.32906527084696
          ],
          [
            -3.654967105952741,
            40.33016530405904
          ],
          [
            -3.65023697840025,
            40.33252537531405
          ],
          [
            -3.650196977321582,
            40.33255537621983
          ],
          [
            -3.650126975433913,
            40.332505374710195
          ],
          [
            -3.6500869743552453,
            40.33247537380441
          ],
          [
            -3.6500569735462443,
            40.33245537320055
          ],
          [
            -3.650026972737243,
            40.332445372898626
          ],
          [
            -3.649996971928242,
            40.3324353725967
          ],
          [
            -3.64993697031024,
            40.33241537199284
          ],
          [
            -3.649896969231572,
            40.332445372898626
          ],
          [
            -3.6498669684225713,
            40.33247537380441
          ],
          [
            -3.649806966804569,
            40.3325453759179
          ],
          [
            -3.649746965186567,
            40.332595377427545
          ],
          [
            -3.649696963838232,
            40.332625378333326
          ],
          [
            -3.6496369622202303,
            40.332655379239114
          ],
          [
            -3.649586960871895,
            40.33267537984297
          ],
          [
            -3.649556960062894,
            40.332685380144895
          ],
          [
            -3.649526959253893,
            40.33270538074875
          ],
          [
            -3.649496958444892,
            40.33272538135261
          ],
          [
            -3.649466957635891,
            40.33275538225839
          ],
          [
            -3.6494369568268903,
            40.332795383466106
          ],
          [
            -3.6494069560178892,
            40.332835384673814
          ],
          [
            -3.649376955208888,
            40.33287538588153
          ],
          [
            -3.64933695413022,
            40.3329353876931
          ],
          [
            -3.649296953051552,
            40.333005389806594
          ],
          [
            -3.6492469517032173,
            40.33307539192009
          ],
          [
            -3.6492069506245493,
            40.33315539433551
          ],
          [
            -3.649166949545881,
            40.33326539765672
          ],
          [
            -3.649146949006547,
            40.333325399468286
          ],
          [
            -3.64913694873688,
            40.333365400676
          ],
          [
            -3.649126948467213,
            40.33339540158178
          ],
          [
            -3.649126948467213,
            40.3334354027895
          ],
          [
            -3.64913694873688,
            40.333475403997205
          ],
          [
            -3.649066946849211,
            40.3335454061107
          ],
          [
            -3.648956943882874,
            40.333475403997205
          ],
          [
            -3.648646935523197,
            40.333325399468286
          ],
          [
            -3.648456930399524,
            40.33322539644901
          ],
          [
            -3.648246924736517,
            40.33308539222202
          ],
          [
            -3.648006918264509,
            40.33292538739117
          ],
          [
            -3.64783691368017,
            40.33281538406996
          ],
          [
            -3.647606907477829,
            40.33264537893719
          ],
          [
            -3.647386901545155,
            40.33249537440826
          ],
          [
            -3.6471268945338133,
            40.33234536987934
          ],
          [
            -3.646816886174136,
            40.33217536474657
          ],
          [
            -3.646426875657123,
            40.33197535870801
          ],
          [
            -3.6460168646007762,
            40.33178535297137
          ],
          [
            -3.645656854892764,
            40.33160534753667
          ],
          [
            -3.6452168430274163,
            40.33138534089426
          ],
          [
            -3.644886834128405,
            40.33120533545955
          ],
          [
            -3.64463682738673,
            40.33109533213835
          ],
          [
            -3.644456822532724,
            40.33099532911906
          ],
          [
            -3.644266817409051,
            40.33085532489207
          ],
          [
            -3.644076812285378,
            40.33071532066508
          ],
          [
            -3.643866806622371,
            40.33051531462652
          ],
          [
            -3.643676801498698,
            40.33031530858796
          ],
          [
            -3.643546797993027,
            40.330135303153256
          ],
          [
            -3.643426794757023,
            40.32995529771855
          ],
          [
            -3.643316791790686,
            40.32980529318963
          ],
          [
            -3.6430967858580123,
            40.32956528594336
          ],
          [
            -3.642946781813007,
            40.329405281112514
          ],
          [
            -3.642806778037669,
            40.32930527809323
          ],
          [
            -3.6426467737229973,
            40.32920527507395
          ],
          [
            -3.642476769138658,
            40.32912527265853
          ],
          [
            -3.642316764823986,
            40.32907527114889
          ],
          [
            -3.6422267623969833,
            40.329055270545034
          ],
          [
            -3.642096758891312,
            40.328995268733465
          ],
          [
            -3.641956755115974,
            40.32891526631804
          ],
          [
            -3.64183675187997,
            40.32883526390262
          ],
          [
            -3.641766749992301,
            40.32876526178912
          ],
          [
            -3.6416067456776293,
            40.328645258165984
          ],
          [
            -3.641486742441625,
            40.32856525575056
          ],
          [
            -3.641346738666287,
            40.32845525242935
          ],
          [
            -3.641276736778618,
            40.32841525122164
          ],
          [
            -3.6411367330032802,
            40.32837525001393
          ],
          [
            -3.640906726800939,
            40.32828524729658
          ],
          [
            -3.6407167216772662,
            40.328205244881154
          ],
          [
            -3.640596718441262,
            40.32816524367344
          ],
          [
            -3.64043671412659,
            40.32810524186187
          ],
          [
            -3.640286710081585,
            40.3280452400503
          ],
          [
            -3.640126705766913,
            40.327945237031024
          ],
          [
            -3.6398866992949053,
            40.32778523220018
          ],
          [
            -3.639596691474562,
            40.32757522585969
          ],
          [
            -3.6392666825755513,
            40.32737521982113
          ],
          [
            -3.639076677451878,
            40.32725521619799
          ],
          [
            -3.638576663968528,
            40.32698520804593
          ],
          [
            -3.638326657226853,
            40.32681520291316
          ],
          [
            -3.6380166488671764,
            40.32658519596882
          ],
          [
            -3.637686639968165,
            40.32637518962833
          ],
          [
            -3.637376631608488,
            40.32613518238205
          ],
          [
            -3.637166625945481,
            40.32602517906085
          ],
          [
            -3.636846617316137,
            40.32581517272036
          ],
          [
            -3.63653660895646,
            40.325595166077946
          ],
          [
            -3.636116597630446,
            40.32534515852974
          ],
          [
            -3.635916592237106,
            40.32521515460468
          ],
          [
            -3.635366577405421,
            40.32470513920635
          ],
          [
            -3.634886564461405,
            40.32431512743116
          ],
          [
            -3.634916565270406,
            40.3242951268273
          ],
          [
            -3.635076569585078,
            40.32417512320417
          ],
          [
            -3.6344065515173893,
            40.32370510901355
          ],
          [
            -3.634046541809377,
            40.32344510116342
          ],
          [
            -3.6337365334497003,
            40.32321509421908
          ],
          [
            -3.633646531022697,
            40.32312509150173
          ],
          [
            -3.6335165275170263,
            40.32300508787859
          ],
          [
            -3.633396524281022,
            40.322905084859315
          ],
          [
            -3.6333065218540193,
            40.32283508274582
          ],
          [
            -3.633206519157349,
            40.32275508033039
          ],
          [
            -3.6331165167303463,
            40.32268507821689
          ],
          [
            -3.63303651457301,
            40.32262507640533
          ],
          [
            -3.632956512415674,
            40.32256507459376
          ],
          [
            -3.632866509988671,
            40.322495072480265
          ],
          [
            -3.632806508370669,
            40.32245507127255
          ],
          [
            -3.632736506483,
            40.32241507006484
          ],
          [
            -3.632646504055997,
            40.32237506885713
          ],
          [
            -3.632566501898661,
            40.322345067951346
          ],
          [
            -3.6324965000109923,
            40.32230506674363
          ],
          [
            -3.6324464986626572,
            40.322265065535916
          ],
          [
            -3.632396497314322,
            40.32221506402628
          ],
          [
            -3.63233649569632,
            40.322175062818566
          ],
          [
            -3.6322564935389843,
            40.32213506161086
          ],
          [
            -3.632176491381648,
            40.32207505979929
          ],
          [
            -3.632106489493979,
            40.32201505798772
          ],
          [
            -3.632016487066976,
            40.32195505617615
          ],
          [
            -3.631916484370306,
            40.32189505436458
          ],
          [
            -3.6318464824826373,
            40.321855053156874
          ],
          [
            -3.6315964757409622,
            40.32171504892988
          ],
          [
            -3.631506473313959,
            40.32166504742024
          ],
          [
            -3.631356469268954,
            40.32157504470289
          ],
          [
            -3.631126463066613,
            40.321445040777824
          ],
          [
            -3.630956458482274,
            40.32134503775854
          ],
          [
            -3.630856455785604,
            40.32128503594698
          ],
          [
            -3.6307464528192672,
            40.32122503413541
          ],
          [
            -3.630646450122597,
            40.32115503202191
          ],
          [
            -3.6305564476955943,
            40.321095030210344
          ],
          [
            -3.630476445538258,
            40.321035028398775
          ],
          [
            -3.630406443650589,
            40.32099502719107
          ],
          [
            -3.6303264414932532,
            40.320945025681425
          ],
          [
            -3.630266439875251,
            40.32091502477564
          ],
          [
            -3.630186437717915,
            40.320885023869856
          ],
          [
            -3.630106435560579,
            40.320855022964075
          ],
          [
            -3.629976432054908,
            40.32080502145443
          ],
          [
            -3.629826428009903,
            40.32075501994479
          ],
          [
            -3.6296964245042322,
            40.32070501843515
          ],
          [
            -3.629576421268228,
            40.320655016925514
          ],
          [
            -3.629166410211881,
            40.320485011792734
          ],
          [
            -3.629116408863546,
            40.32046501118888
          ],
          [
            -3.629046406975877,
            40.320445010585026
          ],
          [
            -3.629006405897209,
            40.3204350102831
          ],
          [
            -3.628926403739873,
            40.32040500937731
          ],
          [
            -3.6288764023915383,
            40.32039500907538
          ],
          [
            -3.62883640131287,
            40.32037500847153
          ],
          [
            -3.6287363986162,
            40.320335007263814
          ],
          [
            -3.628686397267865,
            40.32031500665996
          ],
          [
            -3.6286363959195302,
            40.32029500605611
          ],
          [
            -3.628586394571195,
            40.320275005452245
          ],
          [
            -3.628546393492527,
            40.32025500484839
          ],
          [
            -3.628376388908188,
            40.320185002734895
          ],
          [
            -3.628286386481185,
            40.320155001829114
          ],
          [
            -3.62813638243618,
            40.320095000017545
          ],
          [
            -3.628056380278844,
            40.32006499911176
          ],
          [
            -3.627956377582174,
            40.320034998205976
          ],
          [
            -3.627286359514485,
            40.319804991261634
          ],
          [
            -3.6269663508851413,
            40.31972498884621
          ],
          [
            -3.62663634198613,
            40.319654986732715
          ],
          [
            -3.6265263390197933,
            40.31962498582693
          ],
          [
            -3.626356334435454,
            40.31958498461922
          ],
          [
            -3.626246331469117,
            40.31955498371343
          ],
          [
            -3.626146328772447,
            40.31952498280765
          ],
          [
            -3.626046326075777,
            40.31949498190186
          ],
          [
            -3.6258863217611053,
            40.31944498039223
          ],
          [
            -3.6258763214914382,
            40.319454980694154
          ],
          [
            -3.624586286704395,
            40.32064501662359
          ],
          [
            -3.623426255423023,
            40.32006499911176
          ],
          [
            -3.619896160230572,
            40.319334977071016
          ],
          [
            -3.61733609119582,
            40.31840494899171
          ],
          [
            -3.615856051285104,
            40.31797493600881
          ],
          [
            -3.613765994924701,
            40.31580487049043
          ],
          [
            -3.6110359213056102,
            40.31452483184365
          ],
          [
            -3.608005839596509,
            40.31387481221833
          ],
          [
            -3.606265792674451,
            40.31367480617977
          ],
          [
            -3.602015678065976,
            40.312874782025524
          ],
          [
            -3.600085626020245,
            40.312544772061905
          ],
          [
            -3.599125600132213,
            40.31238476723106
          ],
          [
            -3.598145573704847,
            40.312284764211775
          ],
          [
            -3.595225494962083,
            40.31256477266576
          ],
          [
            -3.594215467725716,
            40.31259477357155
          ],
          [
            -3.593215440759016,
            40.312634774779255
          ],
          [
            -3.589285334779885,
            40.31290478293131
          ],
          [
            -3.5873152816554863,
            40.31299478564866
          ],
          [
            -3.585455231497424,
            40.31327479410265
          ],
          [
            -3.584375202373388,
            40.31340479802771
          ],
          [
            -3.583345174597687,
            40.31351480134892
          ],
          [
            -3.5824051492489892,
            40.31373480799134
          ],
          [
            -3.581525125518293,
            40.31379480980291
          ],
          [
            -3.58053509882126,
            40.31399481584146
          ],
          [
            -3.579575072933228,
            40.31408481855882
          ],
          [
            -3.578645047854197,
            40.31406481795496
          ],
          [
            -3.577855026550504,
            40.314094818860745
          ],
          [
            -3.576014976931776,
            40.31508484875162
          ],
          [
            -3.577685021966165,
            40.31484484150534
          ],
          [
            -3.579175062146548,
            40.31606487834056
          ],
          [
            -3.580375094506588,
            40.31616488135984
          ],
          [
            -3.5817751322599682,
            40.31607487864249
          ],
          [
            -3.582295146282652,
            40.31633488649261
          ],
          [
            -3.5837051843056993,
            40.31600487652899
          ],
          [
            -3.5849652182837413,
            40.318544953218705
          ],
          [
            -3.5849652182837413,
            40.32060501541587
          ],
          [
            -3.584255199137384,
            40.32275508033039
          ],
          [
            -3.58313516893468,
            40.32500514826419
          ],
          [
            -3.582375148439988,
            40.32645519204375
          ],
          [
            -3.579405068348889,
            40.328145243069585
          ],
          [
            -3.576644993920797,
            40.33044531251302
          ],
          [
            -3.575164954010081,
            40.33205536112343
          ],
          [
            -3.572624885514663,
            40.333855415470474
          ],
          [
            -3.571764862323301,
            40.33480544415363
          ],
          [
            -3.569824810007903,
            40.33782553533589
          ],
          [
            -3.568124764164513,
            40.34109563406634
          ],
          [
            -3.5660947094221123,
            40.34349570652906
          ],
          [
            -3.5652346862307502,
            40.34456573883536
          ],
          [
            -3.56203459993731,
            40.347285820959776
          ],
          [
            -3.560614561644596,
            40.3493658837608
          ],
          [
            -3.558784512295535,
            40.35045591667095
          ],
          [
            -3.557564479396161,
            40.35285598913367
          ],
          [
            -3.556514451081126,
            40.353286002116576
          ],
          [
            -3.555004410361409,
            40.35424603110167
          ],
          [
            -3.55513441386708,
            40.3542960326113
          ],
          [
            -3.555304418451419,
            40.35435603442287
          ],
          [
            -3.555444422226757,
            40.354396035630586
          ],
          [
            -3.55553442465376,
            40.35442603653637
          ],
          [
            -3.555654427889764,
            40.35447603804601
          ],
          [
            -3.555754430586434,
            40.35452603955565
          ],
          [
            -3.555954435979774,
            40.35462604257493
          ],
          [
            -3.556054438676444,
            40.35467604408457
          ],
          [
            -3.5561444411034473,
            40.354726045594205
          ],
          [
            -3.556304445418119,
            40.35482604861349
          ],
          [
            -3.556394447845122,
            40.354896050726985
          ],
          [
            -3.556454449463124,
            40.35494605223662
          ],
          [
            -3.5565544521597943,
            40.355016054350116
          ],
          [
            -3.556644454586797,
            40.35508605646361
          ],
          [
            -3.556744457283467,
            40.35515605857711
          ],
          [
            -3.556824459440803,
            40.35521606038868
          ],
          [
            -3.556904461598139,
            40.35527606220025
          ],
          [
            -3.556854460249804,
            40.355306063106035
          ],
          [
            -3.556794458631802,
            40.355336064011816
          ],
          [
            -3.555094412788412,
            40.35631609360076
          ],
          [
            -3.5550844125187453,
            40.35632609390269
          ],
          [
            -3.554964409282741,
            40.356396096016184
          ],
          [
            -3.554884407125405,
            40.356446097525826
          ],
          [
            -3.554144387170047,
            40.35684610960294
          ],
          [
            -3.554264390406051,
            40.356946112622225
          ],
          [
            -3.554694402001732,
            40.35725612198199
          ],
          [
            -3.555164414676081,
            40.35752613013405
          ],
          [
            -3.555664428159431,
            40.35775613707839
          ],
          [
            -3.556194442451782,
            40.357946142815024
          ],
          [
            -3.5567344570138,
            40.3581161479478
          ],
          [
            -3.557284471845485,
            40.35827615277865
          ],
          [
            -3.5578344866771703,
            40.358436157609496
          ],
          [
            -3.558384501508855,
            40.35859616244034
          ],
          [
            -3.55893451634054,
            40.35875616727119
          ],
          [
            -3.559484531172225,
            40.35891617210204
          ],
          [
            -3.56003454600391,
            40.35906617663096
          ],
          [
            -3.5605945611052623,
            40.35921618115988
          ],
          [
            -3.561154576206614,
            40.35935618538687
          ],
          [
            -3.561714591307966,
            40.359496189613864
          ],
          [
            -3.5622746064093183,
            40.359636193840856
          ],
          [
            -3.56283462151067,
            40.35976619776592
          ],
          [
            -3.563394636612022,
            40.35989620169099
          ],
          [
            -3.5639646519830412,
            40.36001620531412
          ],
          [
            -3.56453466735406,
            40.360136208937256
          ],
          [
            -3.565104682725079,
            40.360256212560394
          ],
          [
            -3.564884676792405,
            40.36042621769317
          ],
          [
            -3.564474665736058,
            40.360746227354866
          ],
          [
            -3.564064654679711,
            40.36106623701656
          ],
          [
            -3.563654643623364,
            40.36138624667826
          ],
          [
            -3.563244632567017,
            40.36170625633995
          ],
          [
            -3.562844621780337,
            40.362036266303576
          ],
          [
            -3.562444610993657,
            40.3623662762672
          ],
          [
            -3.562044600206977,
            40.36269628623082
          ],
          [
            -3.5616545896899643,
            40.363036296496375
          ],
          [
            -3.561274579442618,
            40.36337630676193
          ],
          [
            -3.560894569195272,
            40.36372631732941
          ],
          [
            -3.560524559217593,
            40.36407632789689
          ],
          [
            -3.5601645495095813,
            40.36442633846437
          ],
          [
            -3.559804539801569,
            40.36478634933378
          ],
          [
            -3.559454530363224,
            40.365146360203184
          ],
          [
            -3.5591145211945463,
            40.36551637137452
          ],
          [
            -3.558774512025868,
            40.36588638254585
          ],
          [
            -3.5584445031268572,
            40.366256393717194
          ],
          [
            -3.558124494497513,
            40.366636405190455
          ],
          [
            -3.5578144861378362,
            40.367016416663716
          ],
          [
            -3.557504477778159,
            40.367396428136985
          ],
          [
            -3.5572044696881493,
            40.36778643991217
          ],
          [
            -3.556914461867806,
            40.36817645168737
          ],
          [
            -3.556624454047463,
            40.36856646346256
          ],
          [
            -3.5563444464967873,
            40.36896647553968
          ],
          [
            -3.556074439215778,
            40.3693664876168
          ],
          [
            -3.555804431934769,
            40.36976649969392
          ],
          [
            -3.555544424923427,
            40.37016651177104
          ],
          [
            -3.5552844179120853,
            40.37056652384816
          ],
          [
            -3.55503441117041,
            40.37097653622721
          ],
          [
            -3.554784404428735,
            40.37138654860625
          ],
          [
            -3.55453439768706,
            40.3717965609853
          ],
          [
            -3.554284390945385,
            40.37220657336435
          ],
          [
            -3.5540343842037103,
            40.3726165857434
          ],
          [
            -3.5537843774620352,
            40.37302659812245
          ],
          [
            -3.553524370450693,
            40.37343661050149
          ],
          [
            -3.553264363439351,
            40.373836622578615
          ],
          [
            -3.553004356428009,
            40.37423663465574
          ],
          [
            -3.5527343491470003,
            40.37463664673285
          ],
          [
            -3.552454341596324,
            40.375036658809975
          ],
          [
            -3.552174334045648,
            40.37542667058517
          ],
          [
            -3.5518743259556382,
            40.37581668236036
          ],
          [
            -3.551574317865628,
            40.376206694135554
          ],
          [
            -3.5512643095059513,
            40.376586705608815
          ],
          [
            -3.550944300876607,
            40.37696671708208
          ],
          [
            -3.5506142919775963,
            40.37733672825342
          ],
          [
            -3.550274282808918,
            40.37770673942475
          ],
          [
            -3.54993427364024,
            40.37807675059609
          ],
          [
            -3.5495842642018953,
            40.378436761465494
          ],
          [
            -3.5481142245608464,
            40.37985680433927
          ],
          [
            -3.547974220785508,
            40.37999680856626
          ],
          [
            -3.547604210807829,
            40.38034681913374
          ],
          [
            -3.5472342008301503,
            40.38069682970122
          ],
          [
            -3.546864190852471,
            40.3810468402687
          ],
          [
            -3.546494180874792,
            40.38139685083618
          ],
          [
            -3.546124170897113,
            40.38174686140366
          ],
          [
            -3.5457541609194343,
            40.38209687197114
          ],
          [
            -3.545384150941755,
            40.38244688253862
          ],
          [
            -3.545014140964076,
            40.382796893106104
          ],
          [
            -3.544644130986397,
            40.383146903673584
          ],
          [
            -3.5442741210087183,
            40.383496914241064
          ],
          [
            -3.543904111031039,
            40.383846924808545
          ],
          [
            -3.54353410105336,
            40.384196935376025
          ],
          [
            -3.543164091075681,
            40.384546945943505
          ],
          [
            -3.542794081098002,
            40.384896956510985
          ],
          [
            -3.542424071120323,
            40.385246967078466
          ],
          [
            -3.542054061142644,
            40.385596977645946
          ],
          [
            -3.541684051164965,
            40.385946988213426
          ],
          [
            -3.5413140411872863,
            40.38629699878091
          ],
          [
            -3.54093403093994,
            40.38664700934839
          ],
          [
            -3.540554020692594,
            40.38699701991586
          ],
          [
            -3.540164010175581,
            40.38733703018141
          ],
          [
            -3.539763999388901,
            40.38766704014504
          ],
          [
            -3.5393639886022212,
            40.387997050108666
          ],
          [
            -3.5389539775458743,
            40.38831705977036
          ],
          [
            -3.5385339662198603,
            40.38862706913013
          ],
          [
            -3.5381039546241793,
            40.388937078489896
          ],
          [
            -3.5376639427588312,
            40.389237087547734
          ],
          [
            -3.537223930893483,
            40.38953709660557
          ],
          [
            -3.536773918758468,
            40.38982710536149
          ],
          [
            -3.536323906623453,
            40.3901171141174
          ],
          [
            -3.535863894218771,
            40.390397122571386
          ],
          [
            -3.535403881814089,
            40.39067713102537
          ],
          [
            -3.534943869409407,
            40.390957139479355
          ],
          [
            -3.5344838570047252,
            40.39123714793334
          ],
          [
            -3.53403384486971,
            40.39152715668925
          ],
          [
            -3.533593833004362,
            40.39182716574709
          ],
          [
            -3.532823812240003,
            40.39188716755866
          ],
          [
            -3.532043791205977,
            40.3916171594066
          ],
          [
            -3.529113712193546,
            40.38957709781329
          ],
          [
            -3.5268536512488042,
            40.38998711019234
          ],
          [
            -3.524303582483719,
            40.39103714189478
          ],
          [
            -3.522553535291994,
            40.39205717269143
          ],
          [
            -3.520373476504588,
            40.39229717993771
          ],
          [
            -3.5202834740775852,
            40.393977230661605
          ],
          [
            -3.519583455200895,
            40.39793735022509
          ],
          [
            -3.519563454661561,
            40.39805735384823
          ],
          [
            -3.5194634519648913,
            40.3980473535463
          ],
          [
            -3.5194634519648913,
            40.39806735415016
          ],
          [
            -3.5194634519648913,
            40.398097355055945
          ],
          [
            -3.5194534516952243,
            40.39813735626365
          ],
          [
            -3.5194434514255573,
            40.39817735747137
          ],
          [
            -3.5194334511558902,
            40.39823735928294
          ],
          [
            -3.519413450616556,
            40.39828736079257
          ],
          [
            -3.519393450077222,
            40.39834736260414
          ],
          [
            -3.519373449537888,
            40.39840736441571
          ],
          [
            -3.519353448998554,
            40.39846736622728
          ],
          [
            -3.519313447919886,
            40.39855736894463
          ],
          [
            -3.519283447110885,
            40.39863737136005
          ],
          [
            -3.5192434460322173,
            40.39872737407741
          ],
          [
            -3.519203444953549,
            40.39880737649283
          ],
          [
            -3.519163443874881,
            40.398887378908256
          ],
          [
            -3.519103442256879,
            40.39901738283332
          ],
          [
            -3.5190334403692103,
            40.39916738736224
          ],
          [
            -3.5190034395602092,
            40.39924738977766
          ],
          [
            -3.518903436863539,
            40.39945739611815
          ],
          [
            -3.5188034341668692,
            40.39966740245864
          ],
          [
            -3.518743432548867,
            40.39978740608178
          ],
          [
            -3.518693431200532,
            40.39990740970491
          ],
          [
            -3.518653430121864,
            40.40001741302612
          ],
          [
            -3.51863342958253,
            40.40007741483769
          ],
          [
            -3.5185934285038623,
            40.40016741755504
          ],
          [
            -3.518543427155527,
            40.40030742178203
          ],
          [
            -3.518493425807192,
            40.40048742721674
          ],
          [
            -3.518453424728524,
            40.40062743144373
          ],
          [
            -3.5184134236498563,
            40.40078743627458
          ],
          [
            -3.5183734225711882,
            40.40094744110542
          ],
          [
            -3.51833342149252,
            40.4011174462382
          ],
          [
            -3.518273419874518,
            40.401327452578684
          ],
          [
            -3.518223418526183,
            40.401527458617245
          ],
          [
            -3.518193417717182,
            40.401677463146164
          ],
          [
            -3.5181734171778483,
            40.40181746737316
          ],
          [
            -3.518153416638514,
            40.40194747129822
          ],
          [
            -3.518143416368847,
            40.402047474317506
          ],
          [
            -3.518123415829513,
            40.40215747763871
          ],
          [
            -3.518113415559846,
            40.40224748035607
          ],
          [
            -3.518113415559846,
            40.40233748307342
          ],
          [
            -3.518113415559846,
            40.40244748639462
          ],
          [
            -3.518123415829513,
            40.40259749092354
          ],
          [
            -3.518123415829513,
            40.40270749424475
          ],
          [
            -3.518123415829513,
            40.40280749726403
          ],
          [
            -3.51813341609918,
            40.402927500887166
          ],
          [
            -3.518143416368847,
            40.40303750420838
          ],
          [
            -3.5181634169081812,
            40.40314750752958
          ],
          [
            -3.5181734171778483,
            40.403247510548866
          ],
          [
            -3.518193417717182,
            40.40334751356814
          ],
          [
            -3.518243419065517,
            40.40349751809706
          ],
          [
            -3.518293420413852,
            40.40362752202213
          ],
          [
            -3.518353422031854,
            40.403747525645265
          ],
          [
            -3.518423423919523,
            40.40387752957033
          ],
          [
            -3.518493425807192,
            40.40397753258961
          ],
          [
            -3.5186034287735293,
            40.404157538024315
          ],
          [
            -3.518703431470199,
            40.40429754225131
          ],
          [
            -3.518783433627535,
            40.404427546176365
          ],
          [
            -3.518853435515204,
            40.40455755010143
          ],
          [
            -3.518913437133206,
            40.40467755372457
          ],
          [
            -3.518953438211874,
            40.40476755644192
          ],
          [
            -3.5190034395602092,
            40.40489756036698
          ],
          [
            -3.5190434406388773,
            40.40502756429205
          ],
          [
            -3.519073441447878,
            40.40516756851904
          ],
          [
            -3.51913344306588,
            40.40542757636917
          ],
          [
            -3.519163443874881,
            40.405597581501944
          ],
          [
            -3.519183444414215,
            40.40575758633279
          ],
          [
            -3.5192234454928832,
            40.40598759327714
          ],
          [
            -3.5192434460322173,
            40.40618759931569
          ],
          [
            -3.5192734468412183,
            40.4063676047504
          ],
          [
            -3.519293447380552,
            40.40657761109089
          ],
          [
            -3.519303447650219,
            40.40672761561981
          ],
          [
            -3.519303447650219,
            40.406847619242946
          ],
          [
            -3.519313447919886,
            40.40696762286608
          ],
          [
            -3.519313447919886,
            40.407087626489215
          ],
          [
            -3.519313447919886,
            40.40720763011235
          ],
          [
            -3.519303447650219,
            40.40733763403742
          ],
          [
            -3.519303447650219,
            40.40745763766055
          ],
          [
            -3.519303447650219,
            40.4076876446049
          ],
          [
            -3.5192734468412183,
            40.407997653964664
          ],
          [
            -3.5192534463018843,
            40.40821766060708
          ],
          [
            -3.5192234454928832,
            40.40840766634371
          ],
          [
            -3.519203444953549,
            40.40855767087263
          ],
          [
            -3.519183444414215,
            40.408697675099624
          ],
          [
            -3.519163443874881,
            40.40881767872276
          ],
          [
            -3.519153443605214,
            40.40892768204397
          ],
          [
            -3.519163443874881,
            40.408987683855536
          ],
          [
            -3.519173444144548,
            40.409047685667105
          ],
          [
            -3.519183444414215,
            40.40909768717675
          ],
          [
            -3.519203444953549,
            40.40914768868638
          ],
          [
            -3.5192234454928832,
            40.4091876898941
          ],
          [
            -3.5192734468412183,
            40.40927769261145
          ],
          [
            -3.519323448189553,
            40.40934769472494
          ],
          [
            -3.519393450077222,
            40.40943769744229
          ],
          [
            -3.5194434514255573,
            40.40950769955579
          ],
          [
            -3.519523453582893,
            40.40960770257507
          ],
          [
            -3.519713458706566,
            40.40985771012327
          ],
          [
            -3.51983346194257,
            40.41002771525605
          ],
          [
            -3.519913464099906,
            40.41013771857725
          ],
          [
            -3.519783460594235,
            40.410187720086896
          ],
          [
            -3.520213472189916,
            40.410747736994864
          ],
          [
            -3.5203034746169193,
            40.41089774152378
          ],
          [
            -3.520373476504588,
            40.411037745750775
          ],
          [
            -3.520583482167595,
            40.4116177632626
          ],
          [
            -3.520643483785597,
            40.41175776748959
          ],
          [
            -3.5207034854035992,
            40.411887771414655
          ],
          [
            -3.520753486751934,
            40.41198777443394
          ],
          [
            -3.520783487560935,
            40.412037775943574
          ],
          [
            -3.520823488639603,
            40.41209777775514
          ],
          [
            -3.520893490527272,
            40.41219778077442
          ],
          [
            -3.521103496190279,
            40.412497789832265
          ],
          [
            -3.521493506707292,
            40.413027805834446
          ],
          [
            -3.521693512100632,
            40.41331781459036
          ],
          [
            -3.521863516684971,
            40.41353782123277
          ],
          [
            -3.521963519381641,
            40.41366782515784
          ],
          [
            -3.522103523156979,
            40.41385783089447
          ],
          [
            -3.522243526932317,
            40.414027836027245
          ],
          [
            -3.522383530707655,
            40.41414783965038
          ],
          [
            -3.5224435323256573,
            40.41420784146195
          ],
          [
            -3.522493533673992,
            40.41424784266967
          ],
          [
            -3.522563535561661,
            40.4142978441793
          ],
          [
            -3.5226335374493303,
            40.414347845688944
          ],
          [
            -3.5228335428426703,
            40.41447784961401
          ],
          [
            -3.523183552281015,
            40.414697856256424
          ],
          [
            -3.523613563876696,
            40.41496786440848
          ],
          [
            -3.523873570888038,
            40.4151178689374
          ],
          [
            -3.52403357520271,
            40.41521787195668
          ],
          [
            -3.524223580326383,
            40.415337875579816
          ],
          [
            -3.524383584641055,
            40.41544787890103
          ],
          [
            -3.524453586528724,
            40.41549788041066
          ],
          [
            -3.524503587877059,
            40.415547881920304
          ],
          [
            -3.524553589225394,
            40.415597883429946
          ],
          [
            -3.524583590034395,
            40.415637884637654
          ],
          [
            -3.52463359138273,
            40.41569788644922
          ],
          [
            -3.524693593000732,
            40.41578788916657
          ],
          [
            -3.52483359677607,
            40.416037896714776
          ],
          [
            -3.524903598663739,
            40.41617790094177
          ],
          [
            -3.5249435997424072,
            40.416247903055265
          ],
          [
            -3.5249836008210753,
            40.41632790547069
          ],
          [
            -3.525023601899743,
            40.41638790728226
          ],
          [
            -3.525063602978411,
            40.4164379087919
          ],
          [
            -3.525143605135747,
            40.416507910905395
          ],
          [
            -3.5251936064840823,
            40.4165479121131
          ],
          [
            -3.525263608371751,
            40.41658791332082
          ],
          [
            -3.525303609450419,
            40.41660791392467
          ],
          [
            -3.525363611068421,
            40.41663791483045
          ],
          [
            -3.5254036121470893,
            40.416657915434314
          ],
          [
            -3.525453613495424,
            40.416687916340095
          ],
          [
            -3.525523615383093,
            40.41671791724588
          ],
          [
            -3.525653618888764,
            40.416777919057445
          ],
          [
            -3.5258436240124373,
            40.416887922378656
          ],
          [
            -3.526063629945111,
            40.41699792569986
          ],
          [
            -3.526363638035121,
            40.417147930228786
          ],
          [
            -3.526563643428461,
            40.41726793385192
          ],
          [
            -3.52703365610281,
            40.41751794140012
          ],
          [
            -3.527623672013163,
            40.417857951665674
          ],
          [
            -3.528053683608844,
            40.41813796011966
          ],
          [
            -3.528723701676533,
            40.418587973706416
          ],
          [
            -3.529303717317219,
            40.41898798578354
          ],
          [
            -3.529913733766906,
            40.41939799816258
          ],
          [
            -3.53043374778959,
            40.419758009031995
          ],
          [
            -3.531203768553949,
            40.420288025034175
          ],
          [
            -3.5302437426659172,
            40.41491786289884
          ],
          [
            -3.530423747519923,
            40.41490786259691
          ],
          [
            -3.530523750216593,
            40.41488786199306
          ],
          [
            -3.530743756149267,
            40.414837860483416
          ],
          [
            -3.53093376127294,
            40.41477785867185
          ],
          [
            -3.531143766935947,
            40.4146878559545
          ],
          [
            -3.531353772598954,
            40.414607853539074
          ],
          [
            -3.5315137769136262,
            40.414547851727505
          ],
          [
            -3.531593779070962,
            40.414527851123644
          ],
          [
            -3.531673781228298,
            40.41450785051979
          ],
          [
            -3.531883786891305,
            40.41445784901015
          ],
          [
            -3.532053791475644,
            40.41441784780244
          ],
          [
            -3.5323637998353212,
            40.4143678462928
          ],
          [
            -3.532563805228661,
            40.414347845688944
          ],
          [
            -3.5328138119703363,
            40.41432784508509
          ],
          [
            -3.5330138173636763,
            40.41431784478316
          ],
          [
            -3.533293824914352,
            40.41431784478316
          ],
          [
            -3.5334238284200232,
            40.41432784508509
          ],
          [
            -3.533723836510033,
            40.41435784599087
          ],
          [
            -3.534003844060709,
            40.41438784689666
          ],
          [
            -3.5343038521507193,
            40.414437848406294
          ],
          [
            -3.534593859971062,
            40.414487849915936
          ],
          [
            -3.534853866982404,
            40.41453785142558
          ],
          [
            -3.535173875611748,
            40.414617853841
          ],
          [
            -3.53563388801643,
            40.41335781579807
          ],
          [
            -3.53563388801643,
            40.41335781579807
          ],
          [
            -3.5357838920614353,
            40.413327814892284
          ],
          [
            -3.53593389610644,
            40.41327781338265
          ],
          [
            -3.536013898263776,
            40.41321781157108
          ],
          [
            -3.536123901230113,
            40.4131178085518
          ],
          [
            -3.536153902039114,
            40.41306780704216
          ],
          [
            -3.5362039033874493,
            40.41294780341902
          ],
          [
            -3.5362139036571163,
            40.41285780070167
          ],
          [
            -3.5362039033874493,
            40.41272779677661
          ],
          [
            -3.536313906353786,
            40.41274779738046
          ],
          [
            -3.536463910398791,
            40.41277779828625
          ],
          [
            -3.536643915252797,
            40.412797798890104
          ],
          [
            -3.536793919297802,
            40.41280779919203
          ],
          [
            -3.536873921455138,
            40.41280779919203
          ],
          [
            -3.537183929814815,
            40.41278779858818
          ],
          [
            -3.537273932241818,
            40.41277779828625
          ],
          [
            -3.537413936017156,
            40.412737797078535
          ],
          [
            -3.537563940062161,
            40.412677795266966
          ],
          [
            -3.537773945725168,
            40.41256779194576
          ],
          [
            -3.537843947612837,
            40.41248778953034
          ],
          [
            -3.537873948421838,
            40.41244778832262
          ],
          [
            -3.5378939489611723,
            40.41237778620913
          ],
          [
            -3.537863948152171,
            40.412087777453216
          ],
          [
            -3.537873948421838,
            40.412037775943574
          ],
          [
            -3.5379039492308393,
            40.41195777352815
          ],
          [
            -3.537983951388175,
            40.411857770508874
          ],
          [
            -3.538293959747852,
            40.41163776386646
          ],
          [
            -3.538503965410859,
            40.41163776386646
          ],
          [
            -3.538703970804199,
            40.41165776447031
          ],
          [
            -3.539013979163876,
            40.41174776718766
          ],
          [
            -3.539083981051545,
            40.41175776748959
          ],
          [
            -3.539353988332554,
            40.411827769603086
          ],
          [
            -3.539513992647226,
            40.41184777020695
          ],
          [
            -3.539623995613563,
            40.411827769603086
          ],
          [
            -3.539663996692231,
            40.41180776899923
          ],
          [
            -3.539683997231565,
            40.41177776809345
          ],
          [
            -3.539713998040566,
            40.411737766885736
          ],
          [
            -3.5397339985799,
            40.411687765376094
          ],
          [
            -3.539763999388901,
            40.41163776386646
          ],
          [
            -3.539773999658568,
            40.41160776296067
          ],
          [
            -3.539743998849567,
            40.411387756318256
          ],
          [
            -3.5397339985799,
            40.41132775450669
          ],
          [
            -3.5397339985799,
            40.4111177481662
          ],
          [
            -3.5397339985799,
            40.41089774152378
          ],
          [
            -3.539773999658568,
            40.41071773608908
          ],
          [
            -3.539924003703573,
            40.410777737900645
          ],
          [
            -3.5400040058609092,
            40.41080773880643
          ],
          [
            -3.5400140061305763,
            40.41080773880643
          ],
          [
            -3.540154009905914,
            40.410837739712214
          ],
          [
            -3.540194010984582,
            40.41084774001414
          ],
          [
            -3.5402640128722513,
            40.410857740316075
          ],
          [
            -3.5402640128722513,
            40.410857740316075
          ],
          [
            -3.540274013141918,
            40.410857740316075
          ],
          [
            -3.5404240171869232,
            40.41087774091993
          ],
          [
            -3.5404740185352583,
            40.41087774091993
          ],
          [
            -3.540544020422927,
            40.41087774091993
          ],
          [
            -3.540594021771262,
            40.41087774091993
          ],
          [
            -3.540774026625268,
            40.410887741221856
          ],
          [
            -3.540914030400606,
            40.41089774152378
          ],
          [
            -3.540944031209607,
            40.41089774152378
          ],
          [
            -3.540984032288275,
            40.41090774182571
          ],
          [
            -3.5410840349849453,
            40.41091774212764
          ],
          [
            -3.541264039838951,
            40.4109377427315
          ],
          [
            -3.5413140411872863,
            40.410947743033425
          ],
          [
            -3.541374042805288,
            40.41096774363728
          ],
          [
            -3.541424044153623,
            40.410977743939206
          ],
          [
            -3.5414840457716252,
            40.41099774454306
          ],
          [
            -3.541544047389627,
            40.41101774514692
          ],
          [
            -3.541654050355964,
            40.411067746656556
          ],
          [
            -3.541954058445974,
            40.41115774937391
          ],
          [
            -3.542064061412311,
            40.411187750279694
          ],
          [
            -3.542204065187649,
            40.41122775148741
          ],
          [
            -3.542284067344985,
            40.41124775209126
          ],
          [
            -3.542474072468658,
            40.41126775269512
          ],
          [
            -3.542704078670999,
            40.41132775450669
          ],
          [
            -3.5431840916150152,
            40.41146775873368
          ],
          [
            -3.543294094581352,
            40.411477759035606
          ],
          [
            -3.54333409566002,
            40.411477759035606
          ],
          [
            -3.543454098896024,
            40.41151776024332
          ],
          [
            -3.543484099705025,
            40.41152776054525
          ],
          [
            -3.543514100514026,
            40.41152776054525
          ],
          [
            -3.543654104289364,
            40.4115477611491
          ],
          [
            -3.543684105098365,
            40.4115477611491
          ],
          [
            -3.543764107255701,
            40.4115477611491
          ],
          [
            -3.5438341091433703,
            40.4115477611491
          ],
          [
            -3.543994113458042,
            40.41155776145103
          ],
          [
            -3.544014113997376,
            40.41155776145103
          ],
          [
            -3.54413411723338,
            40.41155776145103
          ],
          [
            -3.544214119390716,
            40.41155776145103
          ],
          [
            -3.544364123435721,
            40.41155776145103
          ],
          [
            -3.544404124514389,
            40.41155776145103
          ],
          [
            -3.544494126941392,
            40.41157776205489
          ],
          [
            -3.544554128559394,
            40.41158776235682
          ],
          [
            -3.54483413611007,
            40.41165776447031
          ],
          [
            -3.544864136919071,
            40.41165776447031
          ],
          [
            -3.544954139346074,
            40.41163776386646
          ],
          [
            -3.544954139346074,
            40.41163776386646
          ],
          [
            -3.544974139885408,
            40.411627763564525
          ],
          [
            -3.545124143930413,
            40.41167776507417
          ],
          [
            -3.549284256111885,
            40.41252779073805
          ],
          [
            -3.549594264471562,
            40.412347785303346
          ],
          [
            -3.550094277954912,
            40.412207781076354
          ],
          [
            -3.550484288471925,
            40.41213777896286
          ],
          [
            -3.5510343033036103,
            40.41210777805707
          ],
          [
            -3.5512443089666172,
            40.41210777805707
          ],
          [
            -3.551404313281289,
            40.412117778359
          ],
          [
            -3.551794323798302,
            40.41206777684936
          ],
          [
            -3.552174334045648,
            40.412037775943574
          ],
          [
            -3.552454341596324,
            40.411997774735866
          ],
          [
            -3.5527543496863343,
            40.41195777352815
          ],
          [
            -3.553114359394346,
            40.41191777232044
          ],
          [
            -3.5534043672146893,
            40.411887771414655
          ],
          [
            -3.554174387979048,
            40.412087777453216
          ],
          [
            -3.5546444006533973,
            40.41215777956671
          ],
          [
            -3.5550844125187453,
            40.41215777956671
          ],
          [
            -3.5555044238447593,
            40.41221778137828
          ],
          [
            -3.5559044346314392,
            40.412327784699485
          ],
          [
            -3.556474450002458,
            40.412497789832265
          ],
          [
            -3.556914461867806,
            40.41263779405926
          ],
          [
            -3.5571944694184823,
            40.41275779768239
          ],
          [
            -3.557524478317493,
            40.41292780281517
          ],
          [
            -3.557844486946837,
            40.413057806740234
          ],
          [
            -3.558374501239188,
            40.4131878106653
          ],
          [
            -3.5587145104078663,
            40.41327781338265
          ],
          [
            -3.559154522273214,
            40.413347815496145
          ],
          [
            -3.559594534138562,
            40.413377816401926
          ],
          [
            -3.5601845500489153,
            40.413437818213495
          ],
          [
            -3.560474557869258,
            40.413437818213495
          ],
          [
            -3.560864568386271,
            40.41345781881735
          ],
          [
            -3.561264579172951,
            40.413467819119276
          ],
          [
            -3.561684590498965,
            40.41350782032699
          ],
          [
            -3.5620546004766442,
            40.41353782123277
          ],
          [
            -3.5624946123419923,
            40.413587822742414
          ],
          [
            -3.563044627173677,
            40.41365782485591
          ],
          [
            -3.563594642005362,
            40.41365782485591
          ],
          [
            -3.563694644702032,
            40.41371782666748
          ],
          [
            -3.564124656297713,
            40.41373782727133
          ],
          [
            -3.564544667623727,
            40.41373782727133
          ],
          [
            -3.564784674095735,
            40.41372782696941
          ],
          [
            -3.567954759580174,
            40.41322781187301
          ],
          [
            -3.568394771445522,
            40.413147809457584
          ],
          [
            -3.5686347779175303,
            40.413057806740234
          ],
          [
            -3.5688447835805372,
            40.41298780462674
          ],
          [
            -3.56913479140088,
            40.412847800399746
          ],
          [
            -3.5695248019178933,
            40.412677795266966
          ],
          [
            -3.569814809738236,
            40.41253779103997
          ],
          [
            -3.570244821333917,
            40.4123677859072
          ],
          [
            -3.5705548296935943,
            40.41225778258599
          ],
          [
            -3.570904839131939,
            40.41215777956671
          ],
          [
            -3.571074843716278,
            40.41216777986864
          ],
          [
            -3.571314850188286,
            40.412177780170566
          ],
          [
            -3.571664859626631,
            40.41213777896286
          ],
          [
            -3.571994868525642,
            40.412127778660924
          ],
          [
            -3.572304876885319,
            40.41210777805707
          ],
          [
            -3.572614885244996,
            40.41206777684936
          ],
          [
            -3.5728948927956723,
            40.41195777352815
          ],
          [
            -3.5728948927956723,
            40.41195777352815
          ],
          [
            -3.5762849842127853,
            40.41330781428843
          ],
          [
            -3.57763502061783,
            40.413847830592545
          ],
          [
            -3.5781850354495153,
            40.41502786622005
          ],
          [
            -3.578055031943844,
            40.41517787074897
          ],
          [
            -3.57953507185456,
            40.41752794170205
          ],
          [
            -3.579145061337547,
            40.4180479574023
          ],
          [
            -3.578795051899202,
            40.418497970989065
          ],
          [
            -3.578625047314863,
            40.418827980952685
          ],
          [
            -3.5784250419215233,
            40.41921799272788
          ],
          [
            -3.578305038685519,
            40.41944799967222
          ],
          [
            -3.577645020887497,
            40.42044802986502
          ],
          [
            -3.577305011718819,
            40.4211880522077
          ],
          [
            -3.577165007943481,
            40.42140805885011
          ],
          [
            -3.576965002550141,
            40.42181807122916
          ],
          [
            -3.57683499904447,
            40.42217808209857
          ],
          [
            -3.576774997426468,
            40.42247809115641
          ],
          [
            -3.5767049955387993,
            40.422798100818106
          ],
          [
            -3.576594992572462,
            40.423188112593294
          ],
          [
            -3.57643498825779,
            40.42369812799162
          ],
          [
            -3.576354986100454,
            40.423888133728255
          ],
          [
            -3.5762649836734512,
            40.424088139766816
          ],
          [
            -3.57613498016778,
            40.42433814731501
          ],
          [
            -3.576004976662109,
            40.424558153957435
          ],
          [
            -3.575794970999102,
            40.42489816422298
          ],
          [
            -3.5752549564370844,
            40.425758190188795
          ],
          [
            -3.577485016572825,
            40.426198203473625
          ],
          [
            -3.577295011449152,
            40.42673821977773
          ],
          [
            -3.577205009022149,
            40.42700822792979
          ],
          [
            -3.5769350017411403,
            40.42776825087632
          ],
          [
            -3.576774997426468,
            40.42822826476501
          ],
          [
            -3.57653499095446,
            40.428888284692256
          ],
          [
            -3.576504990145459,
            40.42899828801346
          ],
          [
            -3.57633498556112,
            40.429858313979274
          ],
          [
            -3.576985003089475,
            40.43000831850819
          ],
          [
            -3.5771150065951463,
            40.43040833058531
          ],
          [
            -3.577275010909818,
            40.43068833903929
          ],
          [
            -3.577865026820171,
            40.43148836319354
          ],
          [
            -3.579145061337547,
            40.43332841874829
          ],
          [
            -3.57913506106788,
            40.4337984329389
          ],
          [
            -3.575124952931413,
            40.434278447431446
          ],
          [
            -3.5751949548190822,
            40.43482846403749
          ],
          [
            -3.575274956976418,
            40.43519847520882
          ],
          [
            -3.575374959673088,
            40.43549848426667
          ],
          [
            -3.575454961830424,
            40.43575849211679
          ],
          [
            -3.575554964527094,
            40.436038500570774
          ],
          [
            -3.575714968841766,
            40.43637851083633
          ],
          [
            -3.575964975583441,
            40.43692852744237
          ],
          [
            -3.573824917874703,
            40.43785855552167
          ],
          [
            -3.568574776299528,
            40.43639851144018
          ],
          [
            -3.567654751490164,
            40.436908526838515
          ],
          [
            -3.567204739355149,
            40.43720853589635
          ],
          [
            -3.566814728838136,
            40.437408541934914
          ],
          [
            -3.566354716433454,
            40.4376185482754
          ],
          [
            -3.566224712927783,
            40.43765854948311
          ],
          [
            -3.565824702141103,
            40.437788553408176
          ],
          [
            -3.565524694051093,
            40.4378685558236
          ],
          [
            -3.5652546867700843,
            40.437938557937095
          ],
          [
            -3.564794674365402,
            40.438088562466014
          ],
          [
            -3.564144656837047,
            40.43824856729687
          ],
          [
            -3.5640046530617093,
            40.438228566693006
          ],
          [
            -3.563444637960357,
            40.4381885654853
          ],
          [
            -3.562884622859005,
            40.43812856367373
          ],
          [
            -3.5623046072183193,
            40.43812856367373
          ],
          [
            -3.561684590498965,
            40.43812856367373
          ],
          [
            -3.561084574318945,
            40.43814856427758
          ],
          [
            -3.56063456218393,
            40.43821856639108
          ],
          [
            -3.560294553015252,
            40.43827856820265
          ],
          [
            -3.560004545194909,
            40.43835857061807
          ],
          [
            -3.5595145319812262,
            40.43853857605278
          ],
          [
            -3.5591145211945463,
            40.43862857877013
          ],
          [
            -3.558754511486534,
            40.4388685860164
          ],
          [
            -3.558374501239188,
            40.43902859084725
          ],
          [
            -3.557494477508492,
            40.43944860352823
          ],
          [
            -3.5563644470361213,
            40.43995861892655
          ],
          [
            -3.555304418451419,
            40.44045863402295
          ],
          [
            -3.55493440847374,
            40.4406186388538
          ],
          [
            -3.554124386630713,
            40.44098865002513
          ],
          [
            -3.5531643607426813,
            40.4414386636119
          ],
          [
            -3.5523043375513192,
            40.44171867206588
          ],
          [
            -3.551774323258968,
            40.4418686765948
          ],
          [
            -3.5510243030339432,
            40.442038681727574
          ],
          [
            -3.5504242868539233,
            40.44215868535071
          ],
          [
            -3.550054276876244,
            40.44219868655842
          ],
          [
            -3.549724267977233,
            40.44222868746421
          ],
          [
            -3.545204146087749,
            40.44278870437218
          ],
          [
            -3.541354042265954,
            40.4437987348669
          ],
          [
            -3.540824027973603,
            40.44480876536163
          ],
          [
            -3.537973951118508,
            40.444488755699936
          ],
          [
            -3.538403962714189,
            40.4451887768349
          ],
          [
            -3.5355838866680953,
            40.44488876777706
          ],
          [
            -3.534993870757742,
            40.445138775325255
          ],
          [
            -3.535493884241092,
            40.446658821218314
          ],
          [
            -3.5351438748027473,
            40.4465488178971
          ],
          [
            -3.53483386644307,
            40.44651881699132
          ],
          [
            -3.534443855926057,
            40.44646881548168
          ],
          [
            -3.534043845139377,
            40.446428814273965
          ],
          [
            -3.533823839206703,
            40.4464388145759
          ],
          [
            -3.533613833543696,
            40.44646881548168
          ],
          [
            -3.533343826262687,
            40.446508816689395
          ],
          [
            -3.533143820869347,
            40.446538817595176
          ],
          [
            -3.5328338125096703,
            40.4466188200106
          ],
          [
            -3.531273770441618,
            40.447008831785794
          ],
          [
            -3.5311337666662803,
            40.447068833597356
          ],
          [
            -3.5313237717899533,
            40.447278839937844
          ],
          [
            -3.5315337774529603,
            40.44749884658027
          ],
          [
            -3.531793784464302,
            40.44778885533618
          ],
          [
            -3.5319537887789743,
            40.447998861676666
          ],
          [
            -3.532143793902647,
            40.448298870734504
          ],
          [
            -3.532303798217319,
            40.44856887888656
          ],
          [
            -3.532543804689327,
            40.44900889217139
          ],
          [
            -3.532773810891668,
            40.449378903342726
          ],
          [
            -3.532953815745674,
            40.44972891391021
          ],
          [
            -3.533063818712011,
            40.44998892176034
          ],
          [
            -3.533193822217682,
            40.4502989311201
          ],
          [
            -3.533313825453686,
            40.450548938668305
          ],
          [
            -3.5334338286896902,
            40.450748944706866
          ],
          [
            -3.53353383138636,
            40.450878948631924
          ],
          [
            -3.5338838408247053,
            40.45127896070905
          ],
          [
            -3.534163848375381,
            40.45162897127653
          ],
          [
            -3.534353853499054,
            40.451868978522796
          ],
          [
            -3.53443385565639,
            40.45197898184401
          ],
          [
            -3.5344838570047252,
            40.45208898516522
          ],
          [
            -3.5345338583530603,
            40.45221898909028
          ],
          [
            -3.534553858892394,
            40.45232899241149
          ],
          [
            -3.534563859162061,
            40.452448996034626
          ],
          [
            -3.534543858622727,
            40.45257899995969
          ],
          [
            -3.5345138578137263,
            40.45266900267704
          ],
          [
            -3.534373854038388,
            40.45284900811174
          ],
          [
            -3.534213849723716,
            40.4530490141503
          ],
          [
            -3.533983843521375,
            40.45333902290621
          ],
          [
            -3.533543831656027,
            40.45380903709683
          ],
          [
            -3.533153821139014,
            40.45421904947588
          ],
          [
            -3.532943815476007,
            40.45440905521251
          ],
          [
            -3.5328138119703363,
            40.45450905823179
          ],
          [
            -3.532653807655664,
            40.454619061553
          ],
          [
            -3.532553804958994,
            40.454679063364566
          ],
          [
            -3.5323938006443223,
            40.45475906577999
          ],
          [
            -3.532273797408318,
            40.45480906728963
          ],
          [
            -3.5321537941723142,
            40.45485906879927
          ],
          [
            -3.532063791745311,
            40.454889069705054
          ],
          [
            -3.5319537887789743,
            40.45491907061084
          ],
          [
            -3.531863786351971,
            40.454939071214696
          ],
          [
            -3.531773783924968,
            40.454939071214696
          ],
          [
            -3.5315337774529603,
            40.454939071214696
          ],
          [
            -3.5313337720596203,
            40.454939071214696
          ],
          [
            -3.531223769093283,
            40.454939071214696
          ],
          [
            -3.531143766935947,
            40.45492907091277
          ],
          [
            -3.531063764778611,
            40.454909070308915
          ],
          [
            -3.531003763160609,
            40.454889069705054
          ],
          [
            -3.530913760733606,
            40.454849068497346
          ],
          [
            -3.53083375857627,
            40.45480906728963
          ],
          [
            -3.53053375048626,
            40.45465906276071
          ],
          [
            -3.5304737488682583,
            40.45463906215686
          ],
          [
            -3.530393746710922,
            40.454619061553
          ],
          [
            -3.53023374239625,
            40.45457906034529
          ],
          [
            -3.530113739160246,
            40.454559059741435
          ],
          [
            -3.530013736463576,
            40.4545490594395
          ],
          [
            -3.529893733227572,
            40.45453905913757
          ],
          [
            -3.529803730800569,
            40.45453905913757
          ],
          [
            -3.5294337208228903,
            40.45453905913757
          ],
          [
            -3.529083711384545,
            40.4545490594395
          ],
          [
            -3.5287637027552012,
            40.45457906034529
          ],
          [
            -3.52843369385619,
            40.45460906125107
          ],
          [
            -3.528223688193183,
            40.45463906215686
          ],
          [
            -3.528053683608844,
            40.45466906306264
          ],
          [
            -3.527903679563839,
            40.454709064270354
          ],
          [
            -3.527773676058168,
            40.45474906547806
          ],
          [
            -3.527613671743496,
            40.454799066987704
          ],
          [
            -3.527463667698491,
            40.454849068497346
          ],
          [
            -3.527323663923153,
            40.454909070308915
          ],
          [
            -3.527183660147815,
            40.45496907212048
          ],
          [
            -3.5270836574511453,
            40.45501907363012
          ],
          [
            -3.5268636515184713,
            40.455149077555184
          ],
          [
            -3.526773649091468,
            40.45520907936675
          ],
          [
            -3.526723647743133,
            40.45524908057446
          ],
          [
            -3.526673646394798,
            40.4552990820841
          ],
          [
            -3.526603644507129,
            40.455379084499526
          ],
          [
            -3.52653364261946,
            40.45547908751881
          ],
          [
            -3.5264736410014583,
            40.45557909053809
          ],
          [
            -3.5264536404621243,
            40.45563909234966
          ],
          [
            -3.5264436401924573,
            40.4556890938593
          ],
          [
            -3.5264436401924573,
            40.455759095972795
          ],
          [
            -3.5264536404621243,
            40.45585909899207
          ],
          [
            -3.526463640731791,
            40.45592910110557
          ],
          [
            -3.526483641271125,
            40.455999103219064
          ],
          [
            -3.526553643158794,
            40.45617910865377
          ],
          [
            -3.526623645046463,
            40.45632911318269
          ],
          [
            -3.526713647473466,
            40.456489118013536
          ],
          [
            -3.526903652597139,
            40.45675912616559
          ],
          [
            -3.527003655293809,
            40.45688913009066
          ],
          [
            -3.527143659069147,
            40.45703913461958
          ],
          [
            -3.527383665541155,
            40.457249140960066
          ],
          [
            -3.52753366958616,
            40.4573691445832
          ],
          [
            -3.5277236747098333,
            40.45752914941405
          ],
          [
            -3.5281236854965132,
            40.45784915907574
          ],
          [
            -3.528623698979863,
            40.45825917145479
          ],
          [
            -3.5289937089575423,
            40.45857918111649
          ],
          [
            -3.529023709766543,
            40.458659183531914
          ],
          [
            -3.529143713002547,
            40.4590491953071
          ],
          [
            -3.529263716238551,
            40.45941920647844
          ],
          [
            -3.529373719204888,
            40.45981921855556
          ],
          [
            -3.529473721901558,
            40.46025923184039
          ],
          [
            -3.52953372351956,
            40.46062924301173
          ],
          [
            -3.529523723249893,
            40.46094925267342
          ],
          [
            -3.529483722171225,
            40.461239261429334
          ],
          [
            -3.5294137202835563,
            40.46155927109103
          ],
          [
            -3.529303717317219,
            40.46192928226237
          ],
          [
            -3.5291937143508822,
            40.46224929192407
          ],
          [
            -3.52903371003621,
            40.46274930702047
          ],
          [
            -3.528923707069873,
            40.46316931970144
          ],
          [
            -3.528793703564202,
            40.46350932996699
          ],
          [
            -3.528653699788864,
            40.4637993387229
          ],
          [
            -3.528483695204525,
            40.46405934657303
          ],
          [
            -3.528223688193183,
            40.4644393580463
          ],
          [
            -3.528003682260509,
            40.46472936680221
          ],
          [
            -3.5277536755188343,
            40.465039376161975
          ],
          [
            -3.527623672013163,
            40.46517938038897
          ],
          [
            -3.527423666619823,
            40.4653693861256
          ],
          [
            -3.5271036579904793,
            40.46565939488151
          ],
          [
            -3.526843650979137,
            40.465889401825855
          ],
          [
            -3.526563643428461,
            40.46609940816634
          ],
          [
            -3.526403639113789,
            40.46622941209141
          ],
          [
            -3.526283635877785,
            40.46634941571455
          ],
          [
            -3.526063629945111,
            40.46657942265889
          ],
          [
            -3.525853624282104,
            40.466829430207085
          ],
          [
            -3.525573616731428,
            40.467199441378426
          ],
          [
            -3.5253936118774223,
            40.46738944711505
          ],
          [
            -3.525243607832417,
            40.46754945194591
          ],
          [
            -3.52513360486608,
            40.467679455870964
          ],
          [
            -3.525063602978411,
            40.4677994594941
          ],
          [
            -3.525013601630076,
            40.46791946311724
          ],
          [
            -3.5249736005514083,
            40.46805946734423
          ],
          [
            -3.524903598663739,
            40.468399477609786
          ],
          [
            -3.524863597585071,
            40.46870948696955
          ],
          [
            -3.524843597045737,
            40.46896949481968
          ],
          [
            -3.524843597045737,
            40.46908949844281
          ],
          [
            -3.524853597315404,
            40.46916950085824
          ],
          [
            -3.524873597854738,
            40.469249503273666
          ],
          [
            -3.524893598394072,
            40.46931950538716
          ],
          [
            -3.524923599203073,
            40.46938950750066
          ],
          [
            -3.5249736005514083,
            40.469459509614154
          ],
          [
            -3.525023601899743,
            40.46951951142572
          ],
          [
            -3.525123604596413,
            40.469619514445
          ],
          [
            -3.525283608911085,
            40.469749518370065
          ],
          [
            -3.525503614843759,
            40.46990952320091
          ],
          [
            -3.525713620506766,
            40.4700495274279
          ],
          [
            -3.525943626709107,
            40.470189531654896
          ],
          [
            -3.5262236342597832,
            40.47034953648574
          ],
          [
            -3.526563643428461,
            40.470509541316595
          ],
          [
            -3.526743648282467,
            40.47058954373202
          ],
          [
            -3.5268736517881383,
            40.470629544939726
          ],
          [
            -3.527043656372477,
            40.47066954614744
          ],
          [
            -3.5272736625748182,
            40.47070954735515
          ],
          [
            -3.527563670395161,
            40.470749548562864
          ],
          [
            -3.528063683878511,
            40.47082955097829
          ],
          [
            -3.528453694395524,
            40.47089955309178
          ],
          [
            -3.5287637027552012,
            40.47096955520528
          ],
          [
            -3.529103711923879,
            40.4710495576207
          ],
          [
            -3.529503722710559,
            40.47113956033805
          ],
          [
            -3.52993373430624,
            40.47124956365926
          ],
          [
            -3.530353745632254,
            40.471359566980475
          ],
          [
            -3.530753756418934,
            40.47148957090553
          ],
          [
            -3.531083765317945,
            40.47149957120747
          ],
          [
            -3.531623779879963,
            40.47151957181132
          ],
          [
            -3.532343799295987,
            40.47156957332096
          ],
          [
            -3.532563805228661,
            40.47158957392482
          ],
          [
            -3.532783811161335,
            40.471629575132525
          ],
          [
            -3.532993816824342,
            40.47167957664217
          ],
          [
            -3.533163821408681,
            40.471739578453736
          ],
          [
            -3.533353826532354,
            40.47181958086916
          ],
          [
            -3.5334638294986913,
            40.47187958268073
          ],
          [
            -3.533623833813363,
            40.471979585700005
          ],
          [
            -3.533783838128035,
            40.47210958962507
          ],
          [
            -3.5338638402853713,
            40.47219959234242
          ],
          [
            -3.533923841903373,
            40.47228959505978
          ],
          [
            -3.53403384486971,
            40.47246960049448
          ],
          [
            -3.5340938464877123,
            40.47259960441954
          ],
          [
            -3.534173848645048,
            40.47280961076003
          ],
          [
            -3.534223849993383,
            40.472999616496665
          ],
          [
            -3.534263851072051,
            40.47315962132751
          ],
          [
            -3.5342738513417182,
            40.473379627969926
          ],
          [
            -3.5343238526900533,
            40.47396964578368
          ],
          [
            -3.53433385295972,
            40.47450966208779
          ],
          [
            -3.534383854308055,
            40.47520968322275
          ],
          [
            -3.534403854847389,
            40.47581970164036
          ],
          [
            -3.534463856465391,
            40.476689727908095
          ],
          [
            -3.5344938572743922,
            40.47713974149485
          ],
          [
            -3.534543858622727,
            40.477509752666194
          ],
          [
            -3.534553858892394,
            40.4775497538739
          ],
          [
            -3.534573859431728,
            40.47767975779897
          ],
          [
            -3.534643861319397,
            40.47795976625295
          ],
          [
            -3.534673862128398,
            40.47809977047994
          ],
          [
            -3.5347038629373992,
            40.47831977712236
          ],
          [
            -3.5347138632070663,
            40.478499782557066
          ],
          [
            -3.5347038629373992,
            40.47860978587827
          ],
          [
            -3.534683862398065,
            40.47869978859563
          ],
          [
            -3.534663861858731,
            40.47878979131298
          ],
          [
            -3.534653861589064,
            40.478849793124546
          ],
          [
            -3.534653861589064,
            40.478939795841896
          ],
          [
            -3.534673862128398,
            40.47903979886117
          ],
          [
            -3.534683862398065,
            40.47909980067274
          ],
          [
            -3.5347038629373992,
            40.47916980278624
          ],
          [
            -3.534803865634069,
            40.4793698088248
          ],
          [
            -3.53483386644307,
            40.479439810938295
          ],
          [
            -3.534843866712737,
            40.479499812749864
          ],
          [
            -3.53483386644307,
            40.47954981425951
          ],
          [
            -3.534803865634069,
            40.47964981727878
          ],
          [
            -3.534763864555401,
            40.4797998218077
          ],
          [
            -3.534753864285734,
            40.47988982452505
          ],
          [
            -3.534753864285734,
            40.47994982633662
          ],
          [
            -3.534793865364402,
            40.480139832073256
          ],
          [
            -3.534943869409407,
            40.480609846263874
          ],
          [
            -3.535023871566743,
            40.480879854415925
          ],
          [
            -3.535283878578085,
            40.48149987313546
          ],
          [
            -3.535493884241092,
            40.48197988762801
          ],
          [
            -3.535723890443433,
            40.482449901818626
          ],
          [
            -3.5357738917917683,
            40.48252990423405
          ],
          [
            -3.535923895836773,
            40.48270990966875
          ],
          [
            -3.5367339176798,
            40.48375994137119
          ],
          [
            -3.536983924421475,
            40.48413995284446
          ],
          [
            -3.537113927927146,
            40.48440996099651
          ],
          [
            -3.537163929275481,
            40.48451996431772
          ],
          [
            -3.537193930084482,
            40.48460996703507
          ],
          [
            -3.537213930623816,
            40.484739970960135
          ],
          [
            -3.537213930623816,
            40.48487997518713
          ],
          [
            -3.537203930354149,
            40.485029979716046
          ],
          [
            -3.537143928736147,
            40.485379990283526
          ],
          [
            -3.537063926578811,
            40.48573000085101
          ],
          [
            -3.537013925230476,
            40.48590000598379
          ],
          [
            -3.536923922803473,
            40.486140013230056
          ],
          [
            -3.5368439206461373,
            40.48634001926862
          ],
          [
            -3.5368339203764703,
            40.486400021080186
          ],
          [
            -3.5368239201068032,
            40.48648002349561
          ],
          [
            -3.5368339203764703,
            40.486550025609105
          ],
          [
            -3.5368439206461373,
            40.48660002711874
          ],
          [
            -3.536853920915804,
            40.48665002862838
          ],
          [
            -3.536893921994472,
            40.486700030138024
          ],
          [
            -3.536943923342807,
            40.48676003194959
          ],
          [
            -3.5370439260394773,
            40.48685003466694
          ],
          [
            -3.537163929275481,
            40.48695003768622
          ],
          [
            -3.537303933050819,
            40.48704004040358
          ],
          [
            -3.5374539370958242,
            40.48713004312093
          ],
          [
            -3.538083954084845,
            40.487460053084554
          ],
          [
            -3.5385639670288613,
            40.487690060028896
          ],
          [
            -3.539293986714552,
            40.48806007120023
          ],
          [
            -3.5393639886022212,
            40.488100072407946
          ],
          [
            -3.539773999658568,
            40.488310078748434
          ],
          [
            -3.539914003433906,
            40.48838008086193
          ],
          [
            -3.5400540072092443,
            40.488430082371565
          ],
          [
            -3.540384016108255,
            40.48853008539085
          ],
          [
            -3.540674023928598,
            40.48861008780627
          ],
          [
            -3.540724025276933,
            40.488630088410126
          ],
          [
            -3.540774026625268,
            40.488660089315914
          ],
          [
            -3.540814027703936,
            40.48870009052362
          ],
          [
            -3.5408440285129372,
            40.48874009173134
          ],
          [
            -3.540884029591605,
            40.488800093542906
          ],
          [
            -3.540914030400606,
            40.48886009535447
          ],
          [
            -3.540944031209607,
            40.488930097467964
          ],
          [
            -3.540954031479274,
            40.48900009958146
          ],
          [
            -3.540984032288275,
            40.48927010773352
          ],
          [
            -3.541014033097276,
            40.48952011528172
          ],
          [
            -3.5410640344456112,
            40.4898701258492
          ],
          [
            -3.541114035793946,
            40.49036014064367
          ],
          [
            -3.54113403633328,
            40.49076015272079
          ],
          [
            -3.541124036063613,
            40.49126016781719
          ],
          [
            -3.541124036063613,
            40.49155017657311
          ],
          [
            -3.541144036602947,
            40.49172018170588
          ],
          [
            -3.541164037142281,
            40.49181018442323
          ],
          [
            -3.541214038490616,
            40.49192018774444
          ],
          [
            -3.5412740401086182,
            40.492030191065645
          ],
          [
            -3.541374042805288,
            40.49217019529264
          ],
          [
            -3.5415140465806263,
            40.492380201633125
          ],
          [
            -3.541574048198628,
            40.49251020555819
          ],
          [
            -3.541624049546963,
            40.49266021008711
          ],
          [
            -3.541664050625631,
            40.492790214012174
          ],
          [
            -3.5417040517042992,
            40.49298021974881
          ],
          [
            -3.5417140519739663,
            40.4931202239758
          ],
          [
            -3.5417140519739663,
            40.493310229712435
          ],
          [
            -3.5416940514346322,
            40.493520236052916
          ],
          [
            -3.54163404981663,
            40.493900247526184
          ],
          [
            -3.541614049277296,
            40.49401025084739
          ],
          [
            -3.541614049277296,
            40.49411025386667
          ],
          [
            -3.54163404981663,
            40.494190256282096
          ],
          [
            -3.5416940514346322,
            40.49430025960331
          ],
          [
            -3.541774053591968,
            40.494400262622584
          ],
          [
            -3.541884056558305,
            40.494490265339934
          ],
          [
            -3.542024060333643,
            40.49458026805729
          ],
          [
            -3.542164064108981,
            40.49468027107657
          ],
          [
            -3.542394070311322,
            40.49481027500163
          ],
          [
            -3.54263407678333,
            40.49496027953055
          ],
          [
            -3.542904084064339,
            40.4951202843614
          ],
          [
            -3.54323409296335,
            40.495340291003814
          ],
          [
            -3.543564101862361,
            40.49557029794816
          ],
          [
            -3.543884110491705,
            40.49579030459058
          ],
          [
            -3.543964112649041,
            40.495830305798286
          ],
          [
            -3.544074115615378,
            40.49588030730793
          ],
          [
            -3.54423411993005,
            40.495950309421424
          ],
          [
            -3.544404124514389,
            40.496000310931066
          ],
          [
            -3.544554128559394,
            40.4960503124407
          ],
          [
            -3.545144144469747,
            40.496210317271554
          ],
          [
            -3.545454152829424,
            40.49632032059276
          ],
          [
            -3.545814162537436,
            40.496480325423605
          ],
          [
            -3.546404178447789,
            40.49677033417952
          ],
          [
            -3.546764188155801,
            40.49693033901037
          ],
          [
            -3.54713419813348,
            40.49705034263351
          ],
          [
            -3.5474242059538232,
            40.49713034504893
          ],
          [
            -3.54783421701017,
            40.497240348370134
          ],
          [
            -3.549624265280563,
            40.497790364976176
          ],
          [
            -3.550144279303247,
            40.49798037071281
          ],
          [
            -3.55053428982026,
            40.49815037584558
          ],
          [
            -3.551004302494609,
            40.498380382789925
          ],
          [
            -3.5517043213712993,
            40.49882039607476
          ],
          [
            -3.5519143270343063,
            40.498960400301755
          ],
          [
            -3.5523243380906533,
            40.49921040784995
          ],
          [
            -3.552674347528998,
            40.49948041600201
          ],
          [
            -3.5527543496863343,
            40.499550418115504
          ],
          [
            -3.552854352383004,
            40.49966042143671
          ],
          [
            -3.5529443548100073,
            40.49976042445599
          ],
          [
            -3.553084358585345,
            40.49994042989069
          ],
          [
            -3.5531443602033472,
            40.50004043290998
          ],
          [
            -3.5531943615516823,
            40.500140435929254
          ],
          [
            -3.553224362360683,
            40.50020043774082
          ],
          [
            -3.553244362900017,
            40.50027043985432
          ],
          [
            -3.553264363439351,
            40.50038044317553
          ],
          [
            -3.553304364518019,
            40.50076045464879
          ],
          [
            -3.55333436532702,
            40.50116046672591
          ],
          [
            -3.5533643661360212,
            40.50133047185869
          ],
          [
            -3.5534043672146893,
            40.50147047608568
          ],
          [
            -3.553444368293357,
            40.50167048212424
          ],
          [
            -3.553484369372025,
            40.50182048665316
          ],
          [
            -3.553514370181026,
            40.50199049178593
          ],
          [
            -3.55353437072036,
            40.50216049691871
          ],
          [
            -3.553524370450693,
            40.502240499334135
          ],
          [
            -3.553504369911359,
            40.50231050144763
          ],
          [
            -3.553484369372025,
            40.5023705032592
          ],
          [
            -3.55333436532702,
            40.50267051231704
          ],
          [
            -3.555144414136747,
            40.50336053315007
          ],
          [
            -3.5548744068557383,
            40.50566060259351
          ],
          [
            -3.5550544117097442,
            40.50877069649312
          ],
          [
            -3.554184388248715,
            40.51154078012718
          ],
          [
            -3.558304499351519,
            40.511460777711754
          ],
          [
            -3.561584587802295,
            40.51089076050186
          ],
          [
            -3.5616745902292983,
            40.51136077469247
          ],
          [
            -3.564914677601406,
            40.51226080186599
          ],
          [
            -3.567204739355149,
            40.5123708051872
          ],
          [
            -3.571964867716641,
            40.51261081243347
          ],
          [
            -3.575794970999102,
            40.5106207523498
          ],
          [
            -3.577865026820171,
            40.510580751142086
          ],
          [
            -3.582815160305336,
            40.50867069347384
          ],
          [
            -3.584625209115063,
            40.506930640938364
          ],
          [
            -3.5867352660148,
            40.50559060048001
          ],
          [
            -3.5890253277685433,
            40.504730574514205
          ],
          [
            -3.59313543860168,
            40.50175048453966
          ],
          [
            -3.593175439680348,
            40.5016204806146
          ],
          [
            -3.5934654475006913,
            40.50166048182231
          ],
          [
            -3.593605451276029,
            40.50168048242617
          ],
          [
            -3.59363545208503,
            40.50168048242617
          ],
          [
            -3.5936854534333653,
            40.50168048242617
          ],
          [
            -3.593715454242366,
            40.50168048242617
          ],
          [
            -3.593745455051367,
            40.50168048242617
          ],
          [
            -3.593785456130035,
            40.50167048212424
          ],
          [
            -3.5938554580177042,
            40.501650481520386
          ],
          [
            -3.593955460714374,
            40.5016204806146
          ],
          [
            -3.593995461793042,
            40.50161048031267
          ],
          [
            -3.594015462332376,
            40.501600480010744
          ],
          [
            -3.59403546287171,
            40.50159047970882
          ],
          [
            -3.594045463141377,
            40.50158047940689
          ],
          [
            -3.594055463411044,
            40.50157047910496
          ],
          [
            -3.5940854642200453,
            40.50153047789725
          ],
          [
            -3.5941054647593793,
            40.501510477293394
          ],
          [
            -3.5941254652987134,
            40.50149047668953
          ],
          [
            -3.59413546556838,
            40.501480476387606
          ],
          [
            -3.594145465838047,
            40.50147047608568
          ],
          [
            -3.594155466107714,
            40.50147047608568
          ],
          [
            -3.594165466377381,
            40.50147047608568
          ],
          [
            -3.594185466916715,
            40.50147047608568
          ],
          [
            -3.594205467456049,
            40.50147047608568
          ],
          [
            -3.594225467995383,
            40.50147047608568
          ],
          [
            -3.594405472849389,
            40.50147047608568
          ],
          [
            -3.594445473928057,
            40.50147047608568
          ],
          [
            -3.5944954752763922,
            40.50146047578375
          ],
          [
            -3.5945454766247273,
            40.501450475481825
          ],
          [
            -3.594595477973062,
            40.5014404751799
          ],
          [
            -3.594665479860731,
            40.50142047457604
          ],
          [
            -3.594685480400065,
            40.50142047457604
          ],
          [
            -3.5947154812090663,
            40.50142047457604
          ],
          [
            -3.5947354817484003,
            40.50142047457604
          ],
          [
            -3.594745482018067,
            40.50142047457604
          ],
          [
            -3.594765482557401,
            40.50142047457604
          ],
          [
            -3.594775482827068,
            40.50142047457604
          ],
          [
            -3.594795483366402,
            40.50142047457604
          ],
          [
            -3.594845484714737,
            40.5014404751799
          ],
          [
            -3.5949154866024062,
            40.50146047578375
          ],
          [
            -3.595005489029409,
            40.50149047668953
          ],
          [
            -3.595095491456412,
            40.501510477293394
          ],
          [
            -3.5951454928047473,
            40.50152047759532
          ],
          [
            -3.595225494962083,
            40.50153047789725
          ],
          [
            -3.595315497389086,
            40.501540478199175
          ],
          [
            -3.5953854992767553,
            40.5015504785011
          ],
          [
            -3.595485501973425,
            40.5015504785011
          ],
          [
            -3.5955655041307613,
            40.5015504785011
          ],
          [
            -3.595615505479096,
            40.5015504785011
          ],
          [
            -3.59563550601843,
            40.5015504785011
          ],
          [
            -3.595665506827431,
            40.5015504785011
          ],
          [
            -3.595695507636432,
            40.501540478199175
          ],
          [
            -3.595745508984767,
            40.50153047789725
          ],
          [
            -3.5957955103331023,
            40.50152047759532
          ],
          [
            -3.595905513299439,
            40.50149047668953
          ],
          [
            -3.596085518153445,
            40.5014404751799
          ],
          [
            -3.596105518692779,
            40.50143047487797
          ],
          [
            -3.59613551950178,
            40.50143047487797
          ],
          [
            -3.596175520580448,
            40.50143047487797
          ],
          [
            -3.5962155216591163,
            40.50143047487797
          ],
          [
            -3.5964355275917903,
            40.50143047487797
          ],
          [
            -3.596605532176129,
            40.50143047487797
          ],
          [
            -3.5966455332547973,
            40.50143047487797
          ],
          [
            -3.5968255381088032,
            40.501450475481825
          ],
          [
            -3.5968755394571383,
            40.501450475481825
          ],
          [
            -3.59693554107514,
            40.501450475481825
          ],
          [
            -3.597165547277481,
            40.501450475481825
          ],
          [
            -3.597215548625816,
            40.501450475481825
          ],
          [
            -3.597375552940488,
            40.50147047608568
          ],
          [
            -3.5974655553674912,
            40.501480476387606
          ],
          [
            -3.5975055564461593,
            40.501480476387606
          ],
          [
            -3.597625559682163,
            40.50147047608568
          ],
          [
            -3.597655560491164,
            40.50147047608568
          ],
          [
            -3.5977055618394993,
            40.50147047608568
          ],
          [
            -3.597765563457501,
            40.50147047608568
          ],
          [
            -3.597805564536169,
            40.50147047608568
          ],
          [
            -3.5979055672328393,
            40.501480476387606
          ],
          [
            -3.597995569659842,
            40.50149047668953
          ],
          [
            -3.598085572086845,
            40.50150047699147
          ],
          [
            -3.598195575053182,
            40.50152047759532
          ],
          [
            -3.598245576401517,
            40.50153047789725
          ],
          [
            -3.598285577480185,
            40.501540478199175
          ],
          [
            -3.5983155782891862,
            40.5015504785011
          ],
          [
            -3.598375579907188,
            40.50157047910496
          ],
          [
            -3.598395580446522,
            40.50158047940689
          ],
          [
            -3.598415580985856,
            40.50159047970882
          ],
          [
            -3.5985355842218603,
            40.501650481520386
          ],
          [
            -3.5985455844915273,
            40.50166048182231
          ],
          [
            -3.5985555847611943,
            40.50166048182231
          ],
          [
            -3.5985755853005283,
            40.50166048182231
          ],
          [
            -3.598595585839862,
            40.50166048182231
          ],
          [
            -3.59863558691853,
            40.50166048182231
          ],
          [
            -3.598705588806199,
            40.50166048182231
          ],
          [
            -3.598775590693868,
            40.50166048182231
          ],
          [
            -3.598825592042203,
            40.50168048242617
          ],
          [
            -3.598925594738873,
            40.501740484237736
          ],
          [
            -3.599005596896209,
            40.50179048574738
          ],
          [
            -3.599125600132213,
            40.50184048725701
          ],
          [
            -3.5992056022895493,
            40.5018704881628
          ],
          [
            -3.599225602828883,
            40.50188048846473
          ],
          [
            -3.59923560309855,
            40.501890488766655
          ],
          [
            -3.599255603637884,
            40.50190048906858
          ],
          [
            -3.599285604446885,
            40.501920489672436
          ],
          [
            -3.599295604716552,
            40.50193048997437
          ],
          [
            -3.599305604986219,
            40.5019404902763
          ],
          [
            -3.599315605255886,
            40.5019404902763
          ],
          [
            -3.599325605525553,
            40.5019404902763
          ],
          [
            -3.59933560579522,
            40.5019404902763
          ],
          [
            -3.599355606334554,
            40.5019404902763
          ],
          [
            -3.5993756068738882,
            40.5019404902763
          ],
          [
            -3.5993856071435553,
            40.5019404902763
          ],
          [
            -3.599405607682889,
            40.5019404902763
          ],
          [
            -3.599425608222223,
            40.5019404902763
          ],
          [
            -3.599445608761557,
            40.5019404902763
          ],
          [
            -3.599475609570558,
            40.50193048997437
          ],
          [
            -3.599505610379559,
            40.501920489672436
          ],
          [
            -3.599525610918893,
            40.50191048937051
          ],
          [
            -3.599545611458227,
            40.50190048906858
          ],
          [
            -3.5996256136155633,
            40.501860487860874
          ],
          [
            -3.599705615772899,
            40.5018704881628
          ],
          [
            -3.599905621166239,
            40.501980491484005
          ],
          [
            -3.599925621705573,
            40.50199049178593
          ],
          [
            -3.599945622244907,
            40.502000492087866
          ],
          [
            -3.599975623053908,
            40.50201049238979
          ],
          [
            -3.599995623593242,
            40.50201049238979
          ],
          [
            -3.6000156241325763,
            40.50201049238979
          ],
          [
            -3.6000356246719103,
            40.50201049238979
          ],
          [
            -3.600065625480911,
            40.50201049238979
          ],
          [
            -3.600085626020245,
            40.50201049238979
          ],
          [
            -3.600105626559579,
            40.50201049238979
          ],
          [
            -3.600125627098913,
            40.50201049238979
          ],
          [
            -3.600155627907914,
            40.502000492087866
          ],
          [
            -3.600175628447248,
            40.50199049178593
          ],
          [
            -3.600265630874251,
            40.50196049088015
          ],
          [
            -3.600495637076592,
            40.501890488766655
          ],
          [
            -3.600515637615926,
            40.50188048846473
          ],
          [
            -3.600565638964261,
            40.5018704881628
          ],
          [
            -3.600605640042929,
            40.501860487860874
          ],
          [
            -3.60063564085193,
            40.501860487860874
          ],
          [
            -3.6006756419305983,
            40.501860487860874
          ],
          [
            -3.600705642739599,
            40.501860487860874
          ],
          [
            -3.600745643818267,
            40.501860487860874
          ],
          [
            -3.600775644627268,
            40.501860487860874
          ],
          [
            -3.600795645166602,
            40.501860487860874
          ],
          [
            -3.600825645975603,
            40.5018704881628
          ],
          [
            -3.6008556467846042,
            40.50188048846473
          ],
          [
            -3.600895647863272,
            40.501890488766655
          ],
          [
            -3.60093564894194,
            40.50190048906858
          ],
          [
            -3.600965649750941,
            40.50191048937051
          ],
          [
            -3.600995650559942,
            40.501920489672436
          ],
          [
            -3.601025651368943,
            40.50193048997437
          ],
          [
            -3.601055652177944,
            40.50193048997437
          ],
          [
            -3.6010856529869453,
            40.50193048997437
          ],
          [
            -3.601105653526279,
            40.50193048997437
          ],
          [
            -3.601125654065613,
            40.50193048997437
          ],
          [
            -3.601145654604947,
            40.50193048997437
          ],
          [
            -3.601165655144281,
            40.50193048997437
          ],
          [
            -3.601185655683615,
            40.50193048997437
          ],
          [
            -3.601205656222949,
            40.50193048997437
          ],
          [
            -3.601225656762283,
            40.501920489672436
          ],
          [
            -3.601245657301617,
            40.50191048937051
          ],
          [
            -3.6012756581106182,
            40.501890488766655
          ],
          [
            -3.601315659189286,
            40.501860487860874
          ],
          [
            -3.601365660537621,
            40.50182048665316
          ],
          [
            -3.601475663503958,
            40.501710483331955
          ],
          [
            -3.6015056643129593,
            40.501690482728094
          ],
          [
            -3.6015356651219603,
            40.50167048212424
          ],
          [
            -3.601555665661294,
            40.50166048182231
          ],
          [
            -3.601575666200628,
            40.501650481520386
          ],
          [
            -3.601605667009629,
            40.50164048121846
          ],
          [
            -3.60163566781863,
            40.50164048121846
          ],
          [
            -3.601675668897298,
            40.50164048121846
          ],
          [
            -3.6017156699759663,
            40.50164048121846
          ],
          [
            -3.601785671863635,
            40.501650481520386
          ],
          [
            -3.601805672402969,
            40.501650481520386
          ],
          [
            -3.601845673481637,
            40.50166048182231
          ],
          [
            -3.601905675099639,
            40.50167048212424
          ],
          [
            -3.6019356759086403,
            40.50167048212424
          ],
          [
            -3.6019556764479743,
            40.50167048212424
          ],
          [
            -3.601975676987308,
            40.50166048182231
          ],
          [
            -3.601995677526642,
            40.501650481520386
          ],
          [
            -3.602015678065976,
            40.50164048121846
          ],
          [
            -3.60203567860531,
            40.5016204806146
          ],
          [
            -3.602045678874977,
            40.50161048031267
          ],
          [
            -3.602065679414311,
            40.50158047940689
          ],
          [
            -3.602075679683978,
            40.5015504785011
          ],
          [
            -3.602085679953645,
            40.50152047759532
          ],
          [
            -3.602105680492979,
            40.50147047608568
          ],
          [
            -3.602105680492979,
            40.50146047578375
          ],
          [
            -3.602115680762646,
            40.501450475481825
          ],
          [
            -3.6021256810323132,
            40.5014404751799
          ],
          [
            -3.6021356813019803,
            40.5014404751799
          ],
          [
            -3.6021456815716473,
            40.5014404751799
          ],
          [
            -3.6021556818413143,
            40.5014404751799
          ],
          [
            -3.6021656821109813,
            40.5014404751799
          ],
          [
            -3.602175682380648,
            40.5014404751799
          ],
          [
            -3.6021856826503154,
            40.5014404751799
          ],
          [
            -3.602205683189649,
            40.5014404751799
          ],
          [
            -3.602245684268317,
            40.5014404751799
          ],
          [
            -3.602315686155986,
            40.501450475481825
          ],
          [
            -3.602735697482,
            40.501510477293394
          ],
          [
            -3.602705696672999,
            40.5016204806146
          ],
          [
            -3.603255711504684,
            40.50193048997437
          ],
          [
            -3.604565746831061,
            40.50319052801729
          ],
          [
            -3.604555746561394,
            40.503200528319226
          ],
          [
            -3.6047057506063993,
            40.503290531036576
          ],
          [
            -3.604865754921071,
            40.50342053496164
          ],
          [
            -3.605165763011081,
            40.503650541905984
          ],
          [
            -3.6053257673257533,
            40.503790546132976
          ],
          [
            -3.605465771101091,
            40.503940550661895
          ],
          [
            -3.6055657737977613,
            40.504050553983106
          ],
          [
            -3.605585774337095,
            40.50407055458696
          ],
          [
            -3.605685777033765,
            40.50418055790817
          ],
          [
            -3.6057757794607683,
            40.50428056092745
          ],
          [
            -3.605845781348437,
            40.504380563946725
          ],
          [
            -3.605885782427105,
            40.504490567267936
          ],
          [
            -3.60593578377544,
            40.50466057240071
          ],
          [
            -3.6059657845844413,
            40.50481057692963
          ],
          [
            -3.605995785393442,
            40.50498058206241
          ],
          [
            -3.60603578647211,
            40.50521058900675
          ],
          [
            -3.606105788359779,
            40.50547059685688
          ],
          [
            -3.6061557897081142,
            40.50565060229158
          ],
          [
            -3.6061957907867823,
            40.50571060410315
          ],
          [
            -3.606255792404784,
            40.505780606216646
          ],
          [
            -3.606345794831787,
            40.505870608933996
          ],
          [
            -3.60643579725879,
            40.50596061165135
          ],
          [
            -3.606545800225127,
            40.506050614368704
          ],
          [
            -3.606705804539799,
            40.50617061799184
          ],
          [
            -3.606875809124138,
            40.50627062101112
          ],
          [
            -3.6070558139781443,
            40.506340623124615
          ],
          [
            -3.6074558247648243,
            40.506490627653534
          ],
          [
            -3.607725832045833,
            40.50661063127667
          ],
          [
            -3.607925837439173,
            40.50671063429595
          ],
          [
            -3.608145843371847,
            40.50683063791909
          ],
          [
            -3.60843585119219,
            40.50700064305186
          ],
          [
            -3.6087158587428663,
            40.50718064848657
          ],
          [
            -3.60903586737221,
            40.50740065512898
          ],
          [
            -3.609285874113885,
            40.50756065995983
          ],
          [
            -3.609505880046559,
            40.50773066509261
          ],
          [
            -3.60983588894557,
            40.50799067294273
          ],
          [
            -3.610025894069243,
            40.50817067837744
          ],
          [
            -3.610175898114248,
            40.508330683208285
          ],
          [
            -3.610345902698587,
            40.508480687737205
          ],
          [
            -3.610555908361594,
            40.50867069347384
          ],
          [
            -3.6107359132156,
            40.50884069860662
          ],
          [
            -3.610915918069606,
            40.50897070253168
          ],
          [
            -3.610985919957275,
            40.50902070404132
          ],
          [
            -3.611105923193279,
            40.509090706154815
          ],
          [
            -3.611205925889949,
            40.509120707060596
          ],
          [
            -3.6112959283169523,
            40.509120707060596
          ],
          [
            -3.611355929934954,
            40.509120707060596
          ],
          [
            -3.61143593209229,
            40.50913070736253
          ],
          [
            -3.611605936676629,
            40.509150707966384
          ],
          [
            -3.611725939912633,
            40.50916070826831
          ],
          [
            -3.611995947193642,
            40.50921070977795
          ],
          [
            -3.612165951777981,
            40.509240710683734
          ],
          [
            -3.6123059555533192,
            40.50927071158952
          ],
          [
            -3.612425958789323,
            40.50931071279723
          ],
          [
            -3.612565962564661,
            40.5093707146088
          ],
          [
            -3.6127559676883343,
            40.50945071702422
          ],
          [
            -3.612875970924338,
            40.509500718533864
          ],
          [
            -3.613025974969343,
            40.50958072094929
          ],
          [
            -3.613195979553682,
            40.509680723968565
          ],
          [
            -3.613345983598687,
            40.509760726383995
          ],
          [
            -3.613505987913359,
            40.5098707297052
          ],
          [
            -3.613655991958364,
            40.50997073272448
          ],
          [
            -3.6138359968123703,
            40.51010073664954
          ],
          [
            -3.613925999239373,
            40.51017073876304
          ],
          [
            -3.6140160016663763,
            40.51025074117847
          ],
          [
            -3.614066003014711,
            40.5103007426881
          ],
          [
            -3.614096003823712,
            40.510350744197744
          ],
          [
            -3.614126004632713,
            40.510400745707386
          ],
          [
            -3.614156005441714,
            40.51047074782088
          ],
          [
            -3.614176005981048,
            40.510550750236305
          ],
          [
            -3.614176005981048,
            40.51063075265173
          ],
          [
            -3.61413600490238,
            40.51081075808643
          ],
          [
            -3.61413600490238,
            40.510850759294144
          ],
          [
            -3.614146005172047,
            40.510870759898
          ],
          [
            -3.614186006250715,
            40.510900760803786
          ],
          [
            -3.614276008677718,
            40.510940762011494
          ],
          [
            -3.614366011104721,
            40.510960762615355
          ],
          [
            -3.6144460132620573,
            40.51097076291728
          ],
          [
            -3.6146760194643983,
            40.51103076472885
          ],
          [
            -3.6148460240487372,
            40.511080766238486
          ],
          [
            -3.615006028363409,
            40.5111207674462
          ],
          [
            -3.615126031599413,
            40.51113076774813
          ],
          [
            -3.6152860359140853,
            40.511140768050055
          ],
          [
            -3.615406039150089,
            40.51113076774813
          ],
          [
            -3.6155060418467593,
            40.5111207674462
          ],
          [
            -3.615686046700765,
            40.51109076654041
          ],
          [
            -3.615846051015437,
            40.51106076563463
          ],
          [
            -3.615976054521108,
            40.51102076442692
          ],
          [
            -3.616196060453782,
            40.510960762615355
          ],
          [
            -3.616266062341451,
            40.510940762011494
          ],
          [
            -3.616386065577455,
            40.510900760803786
          ],
          [
            -3.6165760707011283,
            40.51084075899222
          ],
          [
            -3.616746075285467,
            40.51078075718065
          ],
          [
            -3.616856078251804,
            40.51075075627487
          ],
          [
            -3.616946080678807,
            40.510730755671005
          ],
          [
            -3.617046083375477,
            40.51071075506715
          ],
          [
            -3.617146086072147,
            40.51068075416137
          ],
          [
            -3.617246088768817,
            40.51065075325558
          ],
          [
            -3.617356091735154,
            40.51060075174594
          ],
          [
            -3.617476094971158,
            40.51054074993438
          ],
          [
            -3.6176060984768292,
            40.51048074812281
          ],
          [
            -3.617776103061168,
            40.510400745707386
          ],
          [
            -3.617916106836506,
            40.510320743291956
          ],
          [
            -3.6180261098028432,
            40.51028074208425
          ],
          [
            -3.618126112499513,
            40.510260741480394
          ],
          [
            -3.6182561160051843,
            40.51025074117847
          ],
          [
            -3.618356118701854,
            40.51025074117847
          ],
          [
            -3.6184761219378583,
            40.510260741480394
          ],
          [
            -3.618606125443529,
            40.51027074178232
          ],
          [
            -3.6186961278705323,
            40.51028074208425
          ],
          [
            -3.618846131915537,
            40.51031074299003
          ],
          [
            -3.619046137308877,
            40.51034074389582
          ],
          [
            -3.619246142702217,
            40.5103707448016
          ],
          [
            -3.619386146477555,
            40.51039074540545
          ],
          [
            -3.6195161499832262,
            40.510400745707386
          ],
          [
            -3.619646153488897,
            40.510400745707386
          ],
          [
            -3.619816158073236,
            40.510400745707386
          ],
          [
            -3.620026163736243,
            40.51039074540545
          ],
          [
            -3.620206168590249,
            40.5103707448016
          ],
          [
            -3.6204061739835893,
            40.510350744197744
          ],
          [
            -3.620566178298261,
            40.51033074359389
          ],
          [
            -3.620676181264598,
            40.510320743291956
          ],
          [
            -3.620776183961268,
            40.51031074299003
          ],
          [
            -3.620886186927605,
            40.510290742386175
          ],
          [
            -3.6210361909726103,
            40.51025074117847
          ],
          [
            -3.621096192590612,
            40.510230740574606
          ],
          [
            -3.621176194747948,
            40.51021073997075
          ],
          [
            -3.6212361963659503,
            40.51018073906497
          ],
          [
            -3.621276197444618,
            40.51016073846111
          ],
          [
            -3.621326198792953,
            40.51013073755533
          ],
          [
            -3.6214562022986243,
            40.51004073483798
          ],
          [
            -3.621496203377292,
            40.51002073423412
          ],
          [
            -3.621556204995294,
            40.50997073272448
          ],
          [
            -3.6216362071526302,
            40.50989073030905
          ],
          [
            -3.621756210388634,
            40.509790727289776
          ],
          [
            -3.6218662133549713,
            40.5096907242705
          ],
          [
            -3.621986216590975,
            40.50956072034543
          ],
          [
            -3.6220762190179783,
            40.50949071823194
          ],
          [
            -3.622196222253982,
            40.509410715816514
          ],
          [
            -3.6222862246809853,
            40.5093707146088
          ],
          [
            -3.622396227647322,
            40.50932071309916
          ],
          [
            -3.622476229804658,
            40.509290712193376
          ],
          [
            -3.62263623411933,
            40.509240710683734
          ],
          [
            -3.622746237085667,
            40.509200709476026
          ],
          [
            -3.622856240052004,
            40.50917070857024
          ],
          [
            -3.622956242748674,
            40.50916070826831
          ],
          [
            -3.623076245984678,
            40.509150707966384
          ],
          [
            -3.623196249220682,
            40.509150707966384
          ],
          [
            -3.623316252456686,
            40.50916070826831
          ],
          [
            -3.623446255962357,
            40.509180708872165
          ],
          [
            -3.6235662591983613,
            40.50921070977795
          ],
          [
            -3.623716263243366,
            40.50927071158952
          ],
          [
            -3.623846266749037,
            40.50932071309916
          ],
          [
            -3.623906268367039,
            40.509350714004945
          ],
          [
            -3.624076272951378,
            40.509410715816514
          ],
          [
            -3.6241862759177152,
            40.50945071702422
          ],
          [
            -3.624326279693053,
            40.50948071793001
          ],
          [
            -3.624426282389723,
            40.50949071823194
          ],
          [
            -3.624526285086393,
            40.509500718533864
          ],
          [
            -3.624666288861731,
            40.50951071883579
          ],
          [
            -3.624776291828068,
            40.50954071974157
          ],
          [
            -3.6248462937157373,
            40.50956072034543
          ],
          [
            -3.624956296682074,
            40.50960072155314
          ],
          [
            -3.625006298030409,
            40.509590721251215
          ],
          [
            -3.625126301266413,
            40.50958072094929
          ],
          [
            -3.6252763053114183,
            40.50955072004351
          ],
          [
            -3.62543630962609,
            40.509530719439645
          ],
          [
            -3.625566313131761,
            40.50952071913772
          ],
          [
            -3.6257363177161,
            40.50951071883579
          ],
          [
            -3.625856320952104,
            40.509470717628076
          ],
          [
            -3.6261363285027803,
            40.50939071521265
          ],
          [
            -3.626266332008451,
            40.509350714004945
          ],
          [
            -3.626426336323123,
            40.509290712193376
          ],
          [
            -3.626586340637795,
            40.50922071007988
          ],
          [
            -3.626886348727805,
            40.509090706154815
          ],
          [
            -3.627056353312144,
            40.50902070404132
          ],
          [
            -3.627256358705484,
            40.508940701625896
          ],
          [
            -3.6273863622111553,
            40.508910700720115
          ],
          [
            -3.627466364368491,
            40.5088706995124
          ],
          [
            -3.627686370301165,
            40.508740695587335
          ],
          [
            -3.6278063735371693,
            40.508680693775766
          ],
          [
            -3.627926376773173,
            40.50864069256806
          ],
          [
            -3.6280463800091773,
            40.50860069136034
          ],
          [
            -3.628166383245181,
            40.50857069045456
          ],
          [
            -3.628266385941851,
            40.508560690152635
          ],
          [
            -3.628346388099187,
            40.508560690152635
          ],
          [
            -3.628506392413859,
            40.5085506898507
          ],
          [
            -3.6286363959195302,
            40.508540689548774
          ],
          [
            -3.628746398885867,
            40.508540689548774
          ],
          [
            -3.628916403470206,
            40.50853068924685
          ],
          [
            -3.629026406436543,
            40.50853068924685
          ],
          [
            -3.629146409672547,
            40.508540689548774
          ],
          [
            -3.629316414256886,
            40.508560690152635
          ],
          [
            -3.629566420998561,
            40.508590691058416
          ],
          [
            -3.6297064247738993,
            40.50861069166227
          ],
          [
            -3.62983642827957,
            40.5086206919642
          ],
          [
            -3.630266439875251,
            40.5086206919642
          ],
          [
            -3.630676450931598,
            40.5086206919642
          ],
          [
            -3.63083645524627,
            40.5086206919642
          ],
          [
            -3.6310064598306093,
            40.5086206919642
          ],
          [
            -3.6312064652239493,
            40.50858069075649
          ],
          [
            -3.631496473044292,
            40.5085506898507
          ],
          [
            -3.631856482752304,
            40.50840068532178
          ],
          [
            -3.631996486527642,
            40.50836068411407
          ],
          [
            -3.6320764886849783,
            40.508330683208285
          ],
          [
            -3.632206492190649,
            40.508270681396716
          ],
          [
            -3.632306494887319,
            40.50820067928322
          ],
          [
            -3.632426498123323,
            40.5081206768678
          ],
          [
            -3.632646504055997,
            40.50801067354659
          ],
          [
            -3.63283650917967,
            40.507920670829236
          ],
          [
            -3.632976512955008,
            40.5078706693196
          ],
          [
            -3.633046514842677,
            40.507860669017674
          ],
          [
            -3.633066515382011,
            40.507860669017674
          ],
          [
            -3.6331065164606793,
            40.507860669017674
          ],
          [
            -3.633166518078681,
            40.5078706693196
          ],
          [
            -3.633176518348348,
            40.50785066871575
          ],
          [
            -3.6335465283260273,
            40.50802067384852
          ],
          [
            -3.6394566876992243,
            40.50808067566009
          ],
          [
            -3.641006729497609,
            40.50820067928322
          ],
          [
            -3.640986728958275,
            40.50825068079286
          ],
          [
            -3.641096731924612,
            40.50828068169865
          ],
          [
            -3.6411867343516153,
            40.50831068260443
          ],
          [
            -3.641256736239284,
            40.508330683208285
          ],
          [
            -3.6413667392056213,
            40.50834068351021
          ],
          [
            -3.641516743250626,
            40.50835068381215
          ],
          [
            -3.641656747025964,
            40.50836068411407
          ],
          [
            -3.6418167513406363,
            40.50838068471793
          ],
          [
            -3.641926754306973,
            40.508390685019855
          ],
          [
            -3.6420067564643093,
            40.50840068532178
          ],
          [
            -3.642086758621645,
            40.50840068532178
          ],
          [
            -3.642156760509314,
            40.508390685019855
          ],
          [
            -3.6422367626666503,
            40.50838068471793
          ],
          [
            -3.642306764554319,
            40.508370684416
          ],
          [
            -3.642396766981322,
            40.50835068381215
          ],
          [
            -3.642606772644329,
            40.508300682302504
          ],
          [
            -3.642966782352341,
            40.50820067928322
          ],
          [
            -3.643166787745681,
            40.50814067747166
          ],
          [
            -3.6432767907120183,
            40.508130677169724
          ],
          [
            -3.643366793139021,
            40.50814067747166
          ],
          [
            -3.64353679772336,
            40.50817067837744
          ],
          [
            -3.643786804465035,
            40.508210679585154
          ],
          [
            -3.644056811746044,
            40.50826068109479
          ],
          [
            -3.644256817139384,
            40.50832068290636
          ],
          [
            -3.644286817948385,
            40.50826068109479
          ],
          [
            -3.644726829813733,
            40.50810067626394
          ],
          [
            -3.6447568306227343,
            40.508090675962016
          ],
          [
            -3.644916834937406,
            40.50817067837744
          ],
          [
            -3.645446849229757,
            40.50843068622757
          ],
          [
            -3.645526851387093,
            40.50847068743528
          ],
          [
            -3.6456168538140963,
            40.50853068924685
          ],
          [
            -3.645686855701765,
            40.50857069045456
          ],
          [
            -3.645766857859101,
            40.50863069226613
          ],
          [
            -3.645856860286104,
            40.508710694681554
          ],
          [
            -3.645946862713107,
            40.50879069709698
          ],
          [
            -3.646166868645781,
            40.50899070313554
          ],
          [
            -3.646296872151452,
            40.50911070675867
          ],
          [
            -3.646546878893127,
            40.509350714004945
          ],
          [
            -3.646746884286467,
            40.50954071974157
          ],
          [
            -3.647066892915811,
            40.509850729101345
          ],
          [
            -3.647406902084489,
            40.51024074087653
          ],
          [
            -3.647646908556497,
            40.51045074721702
          ],
          [
            -3.647686909635165,
            40.51048074812281
          ],
          [
            -3.6477369109835003,
            40.51052074933052
          ],
          [
            -3.647806912871169,
            40.51057075084016
          ],
          [
            -3.647856914219504,
            40.51060075174594
          ],
          [
            -3.6479269161071732,
            40.51063075265173
          ],
          [
            -3.648016918534176,
            40.510670753859436
          ],
          [
            -3.648126921500513,
            40.51071075506715
          ],
          [
            -3.6483769282421883,
            40.51081075808643
          ],
          [
            -3.648546932826527,
            40.510880760199925
          ],
          [
            -3.648686936601865,
            40.51093076170957
          ],
          [
            -3.6487969395682023,
            40.510960762615355
          ],
          [
            -3.648886941995205,
            40.51098076321921
          ],
          [
            -3.648946943613207,
            40.510990763521136
          ],
          [
            -3.6490169455008763,
            40.51100076382306
          ],
          [
            -3.649126948467213,
            40.51101076412499
          ],
          [
            -3.649486958175225,
            40.51104076503078
          ],
          [
            -3.649776965995568,
            40.51107076593656
          ],
          [
            -3.6502969800182523,
            40.5111207674462
          ],
          [
            -3.650766992692601,
            40.51117076895584
          ],
          [
            -3.651497012378292,
            40.51124077106934
          ],
          [
            -3.651597015074962,
            40.511250771371266
          ],
          [
            -3.651697017771632,
            40.51127077197512
          ],
          [
            -3.651897023164972,
            40.5113007728809
          ],
          [
            -3.652017026400976,
            40.511310773182835
          ],
          [
            -3.652107028827979,
            40.511310773182835
          ],
          [
            -3.6521770307156483,
            40.511310773182835
          ],
          [
            -3.652247032603317,
            40.511310773182835
          ],
          [
            -3.652357035569654,
            40.5113007728809
          ],
          [
            -3.652287033681985,
            40.5116207825426
          ],
          [
            -3.65443709166039,
            40.51297082330288
          ],
          [
            -3.656077135885778,
            40.513280832662645
          ],
          [
            -3.6575171747178263,
            40.511900790996584
          ],
          [
            -3.6575171747178263,
            40.511900790996584
          ],
          [
            -3.657787181998835,
            40.511640783146454
          ],
          [
            -3.658497201145192,
            40.51185078948694
          ],
          [
            -3.659027215437543,
            40.51367084443784
          ],
          [
            -3.659057216246544,
            40.51378084775905
          ],
          [
            -3.661367278539621,
            40.51745095856663
          ],
          [
            -3.6627673162930012,
            40.52022104220068
          ],
          [
            -3.666097406092112,
            40.5213010748089
          ],
          [
            -3.66613740717078,
            40.52131107511083
          ],
          [
            -3.666077405552778,
            40.521411078130114
          ],
          [
            -3.6659674025864413,
            40.521591083564815
          ],
          [
            -3.665897400698772,
            40.52175108839566
          ],
          [
            -3.665867399889771,
            40.52183109081109
          ],
          [
            -3.66583739908077,
            40.52199109564194
          ],
          [
            -3.665797398002102,
            40.52221110228435
          ],
          [
            -3.6657473966537673,
            40.52236110681327
          ],
          [
            -3.665617393148096,
            40.52275111858847
          ],
          [
            -3.6655673917997613,
            40.52295112462702
          ],
          [
            -3.6655373909907603,
            40.52310112915595
          ],
          [
            -3.6655273907210932,
            40.52313113006173
          ],
          [
            -3.6655273907210932,
            40.52315113066558
          ],
          [
            -3.6655273907210932,
            40.5231911318733
          ],
          [
            -3.6655373909907603,
            40.523231133081005
          ],
          [
            -3.6655473912604273,
            40.52327113428872
          ],
          [
            -3.6655573915300943,
            40.52333113610029
          ],
          [
            -3.6655773920694283,
            40.523431139119566
          ],
          [
            -3.665607392878429,
            40.52353114213885
          ],
          [
            -3.66563739368743,
            40.523601144252346
          ],
          [
            -3.665707395575099,
            40.52376114908319
          ],
          [
            -3.6657773974627683,
            40.52388115270633
          ],
          [
            -3.665867399889771,
            40.524081158744885
          ],
          [
            -3.665877400159438,
            40.5241211599526
          ],
          [
            -3.665887400429105,
            40.52418116176417
          ],
          [
            -3.665887400429105,
            40.52426116417959
          ],
          [
            -3.665887400429105,
            40.524451169916226
          ],
          [
            -3.665867399889771,
            40.52467117655864
          ],
          [
            -3.665897400698772,
            40.52467117655864
          ],
          [
            -3.667567445733161,
            40.52520119256082
          ],
          [
            -3.669967510453241,
            40.52491118380491
          ],
          [
            -3.671947563847307,
            40.52456117323743
          ],
          [
            -3.674987645826075,
            40.52577120977072
          ],
          [
            -3.6755076598487593,
            40.52631122607483
          ],
          [
            -3.677127703534813,
            40.527181252342565
          ],
          [
            -3.676447685197457,
            40.52743125989077
          ],
          [
            -3.675647663624097,
            40.52857129431056
          ],
          [
            -3.672257572206984,
            40.53106136949063
          ],
          [
            -3.67093753661094,
            40.53225140542006
          ],
          [
            -3.669267491576551,
            40.534531474259644
          ],
          [
            -3.66923749076755,
            40.53457147546736
          ],
          [
            -3.66943749616089,
            40.534701479392425
          ],
          [
            -3.669707503441899,
            40.534881484827125
          ],
          [
            -3.66983750694757,
            40.534961487242555
          ],
          [
            -3.669967510453241,
            40.535051489959905
          ],
          [
            -3.670047512610577,
            40.5351214920734
          ],
          [
            -3.67013751503758,
            40.53521149479075
          ],
          [
            -3.670247518003917,
            40.535341498715816
          ],
          [
            -3.670387521779255,
            40.53548150294281
          ],
          [
            -3.670557526363594,
            40.53568150898137
          ],
          [
            -3.6706175279815962,
            40.535781512000646
          ],
          [
            -3.670667529329931,
            40.53589151532186
          ],
          [
            -3.670707530408599,
            40.53600151864306
          ],
          [
            -3.670747531487267,
            40.53607152075656
          ],
          [
            -3.6708475341839373,
            40.53624152588934
          ],
          [
            -3.670917536071606,
            40.53635152921054
          ],
          [
            -3.671017538768276,
            40.536491533437534
          ],
          [
            -3.671167542813281,
            40.53667153887224
          ],
          [
            -3.671317546858286,
            40.53683154370309
          ],
          [
            -3.671447550363957,
            40.536981548232006
          ],
          [
            -3.671557553330294,
            40.53714155306285
          ],
          [
            -3.67163755548763,
            40.537251556384064
          ],
          [
            -3.671747558453967,
            40.5373715600072
          ],
          [
            -3.671867561689971,
            40.537481563328406
          ],
          [
            -3.671957564116974,
            40.53756156574383
          ],
          [
            -3.672077567352978,
            40.5376215675554
          ],
          [
            -3.672157569510314,
            40.53764156815926
          ],
          [
            -3.6723075735553192,
            40.53768156936697
          ],
          [
            -3.6725375797576603,
            40.53773157087661
          ],
          [
            -3.672847588117337,
            40.53779157268818
          ],
          [
            -3.672997592162342,
            40.53782157359396
          ],
          [
            -3.673087594589345,
            40.53784157419781
          ],
          [
            -3.6731975975556823,
            40.53788157540553
          ],
          [
            -3.67333760133102,
            40.53796157782095
          ],
          [
            -3.6735776078030282,
            40.538091581746016
          ],
          [
            -3.673697611039032,
            40.53816158385951
          ],
          [
            -3.6738176142750363,
            40.53825158657686
          ],
          [
            -3.673987618859375,
            40.5383715902
          ],
          [
            -3.6740276199380433,
            40.53841159140771
          ],
          [
            -3.674117622365046,
            40.53853159503085
          ],
          [
            -3.674167623713381,
            40.53861159744627
          ],
          [
            -3.6742376256010503,
            40.538711600465554
          ],
          [
            -3.6742476258707173,
            40.538801603182904
          ],
          [
            -3.674287626949385,
            40.53892160680604
          ],
          [
            -3.674347628567387,
            40.539091611938815
          ],
          [
            -3.674377629376388,
            40.539181614656165
          ],
          [
            -3.6744276307247232,
            40.53928161767545
          ],
          [
            -3.674497632612392,
            40.53939162099665
          ],
          [
            -3.674597635309062,
            40.53957162643136
          ],
          [
            -3.67463763638773,
            40.539651628846784
          ],
          [
            -3.674697638005732,
            40.53978163277185
          ],
          [
            -3.674767639893401,
            40.53989163609305
          ],
          [
            -3.6748876431294053,
            40.54007164152776
          ],
          [
            -3.674967645286741,
            40.54017164454704
          ],
          [
            -3.6750776482530783,
            40.540321649075956
          ],
          [
            -3.675197651489082,
            40.540491654208736
          ],
          [
            -3.675447658230757,
            40.540871665682
          ],
          [
            -3.6755176601184263,
            40.540961668399355
          ],
          [
            -3.675607662545429,
            40.54107167172056
          ],
          [
            -3.675677664433098,
            40.54113167353213
          ],
          [
            -3.675777667129768,
            40.541231676551405
          ],
          [
            -3.67583766874777,
            40.541291678362974
          ],
          [
            -3.675867669556771,
            40.541311678966835
          ],
          [
            -3.675997673062442,
            40.541401681684185
          ],
          [
            -3.676187678186115,
            40.54150168470346
          ],
          [
            -3.6763776833097883,
            40.541601687722746
          ],
          [
            -3.676497686545792,
            40.54168169013817
          ],
          [
            -3.6765976892424623,
            40.54176169255359
          ],
          [
            -3.67683769571447,
            40.541961698592154
          ],
          [
            -3.676907697602139,
            40.54204170100758
          ],
          [
            -3.677157704343814,
            40.542311709159634
          ],
          [
            -3.677347709467487,
            40.54252171550012
          ],
          [
            -3.677527714321493,
            40.542781723350245
          ],
          [
            -3.677597716209162,
            40.54286172576567
          ],
          [
            -3.677717719445166,
            40.54300172999266
          ],
          [
            -3.6778477229508373,
            40.543131733917726
          ],
          [
            -3.6778777237598383,
            40.54317173512544
          ],
          [
            -3.677927725108173,
            40.54329173874858
          ],
          [
            -3.6780577286138443,
            40.543541746296775
          ],
          [
            -3.6780777291531783,
            40.54357174720256
          ],
          [
            -3.6780877294228453,
            40.5436217487122
          ],
          [
            -3.6780677288835113,
            40.5436217487122
          ],
          [
            -3.678647744524197,
            40.54555180698431
          ],
          [
            -3.678527741288193,
            40.54667184080024
          ],
          [
            -3.6785077407488593,
            40.54667184080024
          ],
          [
            -3.678517741018526,
            40.546701841706025
          ],
          [
            -3.678627743984863,
            40.546901847744586
          ],
          [
            -3.6786677450635312,
            40.546991850461936
          ],
          [
            -3.6786977458725323,
            40.547051852273505
          ],
          [
            -3.67883774964787,
            40.54727185891592
          ],
          [
            -3.6788877509962052,
            40.547341861029416
          ],
          [
            -3.6789277520748733,
            40.547401862840985
          ],
          [
            -3.678967753153541,
            40.547431863746766
          ],
          [
            -3.679067755850211,
            40.547521866464116
          ],
          [
            -3.679207759625549,
            40.54763186978533
          ],
          [
            -3.679287761782885,
            40.54770187189882
          ],
          [
            -3.6793377631312203,
            40.54776187371039
          ],
          [
            -3.679467766636891,
            40.54792187854124
          ],
          [
            -3.6795377685245603,
            40.54800188095666
          ],
          [
            -3.679597770142562,
            40.548081883372085
          ],
          [
            -3.6797377739179002,
            40.54829188971257
          ],
          [
            -3.679867777423571,
            40.54848189544921
          ],
          [
            -3.6799777803899083,
            40.54865190058198
          ],
          [
            -3.68003778200791,
            40.548751903601264
          ],
          [
            -3.680087783356245,
            40.54883190601669
          ],
          [
            -3.680147784974247,
            40.54890190813018
          ],
          [
            -3.680217786861916,
            40.5489419093379
          ],
          [
            -3.680287788749585,
            40.54897191024368
          ],
          [
            -3.680517794951926,
            40.54907191326296
          ],
          [
            -3.680717800345266,
            40.549161915980314
          ],
          [
            -3.6810478092442773,
            40.5493719223208
          ],
          [
            -3.6812278140982833,
            40.549511926547794
          ],
          [
            -3.681347817334287,
            40.549621929869
          ],
          [
            -3.681387818412955,
            40.54967193137864
          ],
          [
            -3.681517821918626,
            40.54981193560563
          ],
          [
            -3.6816478254242972,
            40.5499419395307
          ],
          [
            -3.681767828660301,
            40.55008194375769
          ],
          [
            -3.681807829738969,
            40.550151945871185
          ],
          [
            -3.6818478308176372,
            40.55040195341938
          ],
          [
            -3.6818778316266383,
            40.55052195704252
          ],
          [
            -3.681917832705306,
            40.55063196036373
          ],
          [
            -3.682007835132309,
            40.55084196670422
          ],
          [
            -3.68213783863798,
            40.55097197062928
          ],
          [
            -3.682257841873984,
            40.551181976969765
          ],
          [
            -3.68233784403132,
            40.55136198240447
          ],
          [
            -3.682387845379655,
            40.55148198602761
          ],
          [
            -3.682407845918989,
            40.55172199327388
          ],
          [
            -3.682247841604317,
            40.55213200565293
          ],
          [
            -3.682197840255982,
            40.55225200927606
          ],
          [
            -3.682187839986315,
            40.552352012295344
          ],
          [
            -3.682107837828979,
            40.55271202316475
          ],
          [
            -3.6820778370199783,
            40.55282202648596
          ],
          [
            -3.68203783594131,
            40.55298203131681
          ],
          [
            -3.682017835401976,
            40.55307203403416
          ],
          [
            -3.682047836210977,
            40.55307203403416
          ],
          [
            -3.6823078432223193,
            40.553992061811535
          ],
          [
            -3.6848279111784032,
            40.55825219043286
          ],
          [
            -3.685647933291097,
            40.5598022372317
          ],
          [
            -3.6865579578307943,
            40.5625523202619
          ],
          [
            -3.686867966190471,
            40.5633023429065
          ],
          [
            -3.6878179918088363,
            40.56510239725355
          ],
          [
            -3.688798018236202,
            40.56729246337578
          ],
          [
            -3.6888480195845372,
            40.56731246397963
          ],
          [
            -3.68883801931487,
            40.567342464885414
          ],
          [
            -3.688828019045203,
            40.56738246609313
          ],
          [
            -3.688828019045203,
            40.56742246730084
          ],
          [
            -3.68883801931487,
            40.56749246941433
          ],
          [
            -3.6888480195845372,
            40.5675524712259
          ],
          [
            -3.6888680201238713,
            40.56761247303747
          ],
          [
            -3.688928021741873,
            40.56776247756639
          ],
          [
            -3.689018024168876,
            40.56799248451073
          ],
          [
            -3.6890980263262123,
            40.56816248964351
          ],
          [
            -3.689188028753215,
            40.56840249688978
          ],
          [
            -3.689248030371217,
            40.568542501116774
          ],
          [
            -3.6892980317195523,
            40.56863250383413
          ],
          [
            -3.689358033337554,
            40.56869250564569
          ],
          [
            -3.689408034685889,
            40.56875250745726
          ],
          [
            -3.68943803549489,
            40.56882250957076
          ],
          [
            -3.68943803549489,
            40.56895251349582
          ],
          [
            -3.68943803549489,
            40.569122518628596
          ],
          [
            -3.68943803549489,
            40.56922252164788
          ],
          [
            -3.689458036034224,
            40.56961253342307
          ],
          [
            -3.689468036303891,
            40.56978253855585
          ],
          [
            -3.689478036573558,
            40.56989254187705
          ],
          [
            -3.689468036303891,
            40.56999254489634
          ],
          [
            -3.689448035764557,
            40.570112548519475
          ],
          [
            -3.689408034685889,
            40.570232552142606
          ],
          [
            -3.689368033607221,
            40.57031255455803
          ],
          [
            -3.6892780311802182,
            40.57048255969081
          ],
          [
            -3.689328032528553,
            40.57047255938888
          ],
          [
            -3.689428035225223,
            40.570442558483094
          ],
          [
            -3.689618040348896,
            40.5703725563696
          ],
          [
            -3.689748043854567,
            40.57031255455803
          ],
          [
            -3.689888047629905,
            40.570232552142606
          ],
          [
            -3.690108053562579,
            40.57008254761369
          ],
          [
            -3.690188055719915,
            40.570032546104045
          ],
          [
            -3.690278058146918,
            40.56995254368862
          ],
          [
            -3.6903580603042543,
            40.5698725412732
          ],
          [
            -3.69043806246159,
            40.569742537348134
          ],
          [
            -3.690488063809925,
            40.56963253402693
          ],
          [
            -3.690518064618926,
            40.56951253040379
          ],
          [
            -3.69053806515826,
            40.56938252647873
          ],
          [
            -3.69053806515826,
            40.569352525572945
          ],
          [
            -3.69053806515826,
            40.56934252527102
          ],
          [
            -3.6905480654279272,
            40.569292523761376
          ],
          [
            -3.6905880665065953,
            40.569292523761376
          ],
          [
            -3.690608067045929,
            40.56928252345945
          ],
          [
            -3.690608067045929,
            40.56928252345945
          ],
          [
            -3.690718070012266,
            40.56939252678065
          ],
          [
            -3.690858073787604,
            40.569562531913434
          ],
          [
            -3.69093807594494,
            40.56966253493271
          ],
          [
            -3.6909980775629423,
            40.56972253674428
          ],
          [
            -3.691048078911277,
            40.569762537951995
          ],
          [
            -3.691108080529279,
            40.569792538857776
          ],
          [
            -3.691168082147281,
            40.56981253946163
          ],
          [
            -3.6912180834956163,
            40.56983254006549
          ],
          [
            -3.691368087540621,
            40.569882541575126
          ],
          [
            -3.691448089697957,
            40.56990254217899
          ],
          [
            -3.691508091315959,
            40.56992254278284
          ],
          [
            -3.691548092394627,
            40.569942543386695
          ],
          [
            -3.691588093473295,
            40.56997254429248
          ],
          [
            -3.6916280945519633,
            40.57001254550019
          ],
          [
            -3.6917380975183,
            40.57017255033104
          ],
          [
            -3.691928102641973,
            40.57043255818117
          ],
          [
            -3.6920381056083103,
            40.57056256210623
          ],
          [
            -3.692188109653315,
            40.570732567239006
          ],
          [
            -3.6922481112713172,
            40.5708025693525
          ],
          [
            -3.6922781120803183,
            40.570852570862144
          ],
          [
            -3.692318113158986,
            40.57092257297564
          ],
          [
            -3.692348113967987,
            40.570992575089136
          ],
          [
            -3.692368114507321,
            40.57107257750456
          ],
          [
            -3.692398115316322,
            40.57117258052384
          ],
          [
            -3.692418115855656,
            40.57124258263734
          ],
          [
            -3.692428116125323,
            40.57132258505276
          ],
          [
            -3.692448116664657,
            40.57151259078939
          ],
          [
            -3.6924881177433253,
            40.57167259562024
          ],
          [
            -3.6924881177433253,
            40.57168259592217
          ],
          [
            -3.692518118552326,
            40.57168259592217
          ],
          [
            -3.692578120170328,
            40.571642594714454
          ],
          [
            -3.692628121518663,
            40.57168259592217
          ],
          [
            -3.692858127721004,
            40.571812599847235
          ],
          [
            -3.6928781282603382,
            40.57182260014916
          ],
          [
            -3.6928881285300053,
            40.57183260045109
          ],
          [
            -3.6929081290693393,
            40.571842600753016
          ],
          [
            -3.6929081290693393,
            40.571842600753016
          ],
          [
            -3.6929081290693393,
            40.571842600753016
          ],
          [
            -3.69293812987834,
            40.57185260105494
          ],
          [
            -3.692968130687341,
            40.57186260135687
          ],
          [
            -3.693008131766009,
            40.57189260226266
          ],
          [
            -3.6930881339233452,
            40.57194260377229
          ],
          [
            -3.693178136350348,
            40.57201260588579
          ],
          [
            -3.693288139316685,
            40.572102608603146
          ],
          [
            -3.693368141474021,
            40.57217261071664
          ],
          [
            -3.6935381460583603,
            40.57235261615134
          ],
          [
            -3.693778152530368,
            40.5726226243034
          ],
          [
            -3.693888155496705,
            40.572752628228464
          ],
          [
            -3.69403815954171,
            40.57292263336124
          ],
          [
            -3.6943881689800553,
            40.57333264574029
          ],
          [
            -3.694558173564394,
            40.57353265177885
          ],
          [
            -3.694748178688067,
            40.573742658119336
          ],
          [
            -3.6947881797667352,
            40.573782659327044
          ],
          [
            -3.6948081803060693,
            40.57379265962898
          ],
          [
            -3.6948381811150703,
            40.57381266023283
          ],
          [
            -3.694888182463405,
            40.573832660836686
          ],
          [
            -3.695348194868087,
            40.57402266657332
          ],
          [
            -3.695978211857108,
            40.574302675027305
          ],
          [
            -3.696118215632446,
            40.5743726771408
          ],
          [
            -3.696158216711114,
            40.57440267804658
          ],
          [
            -3.69623821886845,
            40.574452679556224
          ],
          [
            -3.69633822156512,
            40.57453268197165
          ],
          [
            -3.6966982312731322,
            40.574802690123704
          ],
          [
            -3.696768233160801,
            40.57486269193527
          ],
          [
            -3.696818234509136,
            40.57490269314298
          ],
          [
            -3.696848235318137,
            40.57493269404877
          ],
          [
            -3.696888236396805,
            40.574982695558404
          ],
          [
            -3.6969182372058063,
            40.5750526976719
          ],
          [
            -3.696968238554141,
            40.57517270129504
          ],
          [
            -3.697018239902476,
            40.575292704918176
          ],
          [
            -3.697048240711477,
            40.575352706729745
          ],
          [
            -3.697068241250811,
            40.575412708541315
          ],
          [
            -3.697078241520478,
            40.575442709447096
          ],
          [
            -3.697088241790145,
            40.57547271035288
          ],
          [
            -3.697088241790145,
            40.57549271095674
          ],
          [
            -3.697108242329479,
            40.57560271427794
          ],
          [
            -3.6971282428688133,
            40.57573271820301
          ],
          [
            -3.6971282428688133,
            40.575762719108795
          ],
          [
            -3.6971282428688133,
            40.57578271971265
          ],
          [
            -3.6971282428688133,
            40.57584272152422
          ],
          [
            -3.6971282428688133,
            40.575882722731926
          ],
          [
            -3.6971282428688133,
            40.57602272695892
          ],
          [
            -3.6971282428688133,
            40.57611272967627
          ],
          [
            -3.6971582436778143,
            40.576142730582056
          ],
          [
            -3.697258246374484,
            40.57622273299748
          ],
          [
            -3.6973282482621532,
            40.57627273450712
          ],
          [
            -3.69743825122849,
            40.57636273722447
          ],
          [
            -3.6975582544644943,
            40.57646274024375
          ],
          [
            -3.697618256082496,
            40.57650274145146
          ],
          [
            -3.697688257970165,
            40.57656274326303
          ],
          [
            -3.6977582598578342,
            40.57665274598038
          ],
          [
            -3.697898263633172,
            40.57683275141509
          ],
          [
            -3.6979682655208412,
            40.57692275413244
          ],
          [
            -3.698028267138843,
            40.576992756245936
          ],
          [
            -3.698088268756845,
            40.57703275745365
          ],
          [
            -3.69813827010518,
            40.57706275835943
          ],
          [
            -3.698258273341184,
            40.57713276047293
          ],
          [
            -3.698348275768187,
            40.57718276198257
          ],
          [
            -3.698488279543525,
            40.57726276439799
          ],
          [
            -3.698568281700861,
            40.577312765907635
          ],
          [
            -3.6986382835885303,
            40.57736276741727
          ],
          [
            -3.698678284667198,
            40.577402768624985
          ],
          [
            -3.6988182884425362,
            40.577552773153904
          ],
          [
            -3.698898290599872,
            40.57763277556933
          ],
          [
            -3.698948291948207,
            40.57768277707897
          ],
          [
            -3.6990582949145443,
            40.57777277979632
          ],
          [
            -3.699088295723545,
            40.57779278040017
          ],
          [
            -3.699098295993212,
            40.5778027807021
          ],
          [
            -3.699178298150548,
            40.57786278251367
          ],
          [
            -3.699298301386552,
            40.57795278523103
          ],
          [
            -3.699558308397894,
            40.57813279066573
          ],
          [
            -3.6996883119035653,
            40.57821279308115
          ],
          [
            -3.699758313791234,
            40.578252794288865
          ],
          [
            -3.699848316218237,
            40.578312796100434
          ],
          [
            -3.699928318375573,
            40.578342797006215
          ],
          [
            -3.699968319454241,
            40.57836279761007
          ],
          [
            -3.700068322150911,
            40.578402798817784
          ],
          [
            -3.7000883226902452,
            40.57841279911971
          ],
          [
            -3.700168324847581,
            40.57841279911971
          ],
          [
            -3.700408331319589,
            40.57841279911971
          ],
          [
            -3.700678338600598,
            40.57841279911971
          ],
          [
            -3.700848343184937,
            40.57841279911971
          ],
          [
            -3.701218353162616,
            40.57841279911971
          ],
          [
            -3.701328356128953,
            40.57841279911971
          ],
          [
            -3.7013883577469553,
            40.57841279911971
          ],
          [
            -3.7013883577469553,
            40.578632805762126
          ],
          [
            -3.7013883577469553,
            40.57867280696984
          ],
          [
            -3.7013883577469553,
            40.57873280878141
          ],
          [
            -3.7013683572076213,
            40.57873280878141
          ],
          [
            -3.700828342645603,
            40.57873280878141
          ],
          [
            -3.700198325656582,
            40.57873280878141
          ],
          [
            -3.699228299498883,
            40.57873280878141
          ],
          [
            -3.698578281970528,
            40.57891281421611
          ],
          [
            -3.697858262554504,
            40.57911282025467
          ],
          [
            -3.697228245565483,
            40.57929282568938
          ],
          [
            -3.6967182318124663,
            40.57943282991637
          ],
          [
            -3.696178217250448,
            40.57959283474722
          ],
          [
            -3.6956382026884302,
            40.579742839276136
          ],
          [
            -3.695518199452426,
            40.57976283987999
          ],
          [
            -3.694728178148733,
            40.5798728432012
          ],
          [
            -3.694218164395716,
            40.5799428453147
          ],
          [
            -3.693588147406695,
            40.5800528486359
          ],
          [
            -3.6933081398560192,
            40.58010285014554
          ],
          [
            -3.693198136889682,
            40.5801228507494
          ],
          [
            -3.692218110462316,
            40.580392858901455
          ],
          [
            -3.6916480950912973,
            40.5805528637323
          ],
          [
            -3.691528091855293,
            40.58060286524194
          ],
          [
            -3.6909680767539412,
            40.580852872790146
          ],
          [
            -3.690498064079592,
            40.581062879130634
          ],
          [
            -3.6903880611132553,
            40.58114288154606
          ],
          [
            -3.689548038461227,
            40.58186290328487
          ],
          [
            -3.6891080265958793,
            40.582232914456206
          ],
          [
            -3.688598012842862,
            40.58257292472176
          ],
          [
            -3.688408007719189,
            40.582702928646825
          ],
          [
            -3.688408007719189,
            40.582702928646825
          ],
          [
            -3.688398007449522,
            40.582702928646825
          ],
          [
            -3.688258003674184,
            40.582702928646825
          ],
          [
            -3.688087999089845,
            40.5826929283449
          ],
          [
            -3.68763798695483,
            40.58268292804297
          ],
          [
            -3.687417981022156,
            40.58268292804297
          ],
          [
            -3.687257976707484,
            40.58268292804297
          ],
          [
            -3.687057971314144,
            40.58267292774104
          ],
          [
            -3.6856679338304312,
            40.58300293770466
          ],
          [
            -3.684707907942399,
            40.58345295129142
          ],
          [
            -3.684087891223045,
            40.58374296004734
          ],
          [
            -3.6839778882567082,
            40.583812962160835
          ],
          [
            -3.6837378817847,
            40.583962966689754
          ],
          [
            -3.68343787369469,
            40.58415297242638
          ],
          [
            -3.683227868031683,
            40.584282976351446
          ],
          [
            -3.683007862099009,
            40.58442298057844
          ],
          [
            -3.682787856166335,
            40.58456298480543
          ],
          [
            -3.6824878480763252,
            40.58474299024014
          ],
          [
            -3.682147838907647,
            40.584952996580625
          ],
          [
            -3.682027835671643,
            40.58502299869412
          ],
          [
            -3.682007835132309,
            40.585042999297976
          ],
          [
            -3.681167812480281,
            40.5854430113751
          ],
          [
            -3.680707800075599,
            40.58566301801751
          ],
          [
            -3.680057782547244,
            40.58596302707535
          ],
          [
            -3.679617770681896,
            40.58617303341584
          ],
          [
            -3.6791077569288793,
            40.58641304066211
          ],
          [
            -3.67863774425453,
            40.58663304730453
          ],
          [
            -3.678397737782522,
            40.586743050625735
          ],
          [
            -3.678147731040847,
            40.58686305424887
          ],
          [
            -3.67793772537784,
            40.58697305757008
          ],
          [
            -3.677447712164157,
            40.58722306511828
          ],
          [
            -3.677077702186478,
            40.58740307055298
          ],
          [
            -3.676687691669465,
            40.58760307659154
          ],
          [
            -3.6761576773771143,
            40.5878730847436
          ],
          [
            -3.675827668478103,
            40.58804308987638
          ],
          [
            -3.6751076490620793,
            40.588403100745786
          ],
          [
            -3.674367629106721,
            40.588763111615194
          ],
          [
            -3.6740076193987092,
            40.58893311674797
          ],
          [
            -3.673977618589708,
            40.58895311735182
          ],
          [
            -3.673967618320041,
            40.58895311735182
          ],
          [
            -3.668897481598872,
            40.591343189512614
          ],
          [
            -3.6687274770145333,
            40.59142319192804
          ],
          [
            -3.6677374503175,
            40.59188320581673
          ],
          [
            -3.6672474371038173,
            40.59210321245914
          ],
          [
            -3.6670274311711433,
            40.59220321547842
          ],
          [
            -3.6668374260474703,
            40.59222321608228
          ],
          [
            -3.666747423620467,
            40.59223321638421
          ],
          [
            -3.666657421193464,
            40.592243216686136
          ],
          [
            -3.666457415800124,
            40.59226321728999
          ],
          [
            -3.66593740177744,
            40.59231321879963
          ],
          [
            -3.665687395035765,
            40.592333219403486
          ],
          [
            -3.665447388563757,
            40.59235322000735
          ],
          [
            -3.665287384249085,
            40.5923732206112
          ],
          [
            -3.665187381552415,
            40.59238322091313
          ],
          [
            -3.6650973791254122,
            40.592393221215055
          ],
          [
            -3.664967375619741,
            40.59240322151698
          ],
          [
            -3.664867372923071,
            40.59240322151698
          ],
          [
            -3.664627366451063,
            40.59240322151698
          ],
          [
            -3.664347358900387,
            40.592393221215055
          ],
          [
            -3.663987349192375,
            40.59240322151698
          ],
          [
            -3.663727342181033,
            40.59240322151698
          ],
          [
            -3.663577338136028,
            40.59240322151698
          ],
          [
            -3.662187300652315,
            40.59226321728999
          ],
          [
            -3.6619672947196413,
            40.592213215780355
          ],
          [
            -3.661607285011629,
            40.592133213364924
          ],
          [
            -3.661217274494616,
            40.59203321034565
          ],
          [
            -3.6608872655956053,
            40.5919432076283
          ],
          [
            -3.6606872602022653,
            40.591893206118655
          ],
          [
            -3.660157245909914,
            40.59175320189166
          ],
          [
            -3.659927239707573,
            40.591543195551175
          ],
          [
            -3.659507228381559,
            40.59115318377599
          ],
          [
            -3.6591972200218823,
            40.59090317622778
          ],
          [
            -3.658797209235202,
            40.59059316686802
          ],
          [
            -3.658627204650863,
            40.590493163848734
          ],
          [
            -3.658377197909188,
            40.590343159319815
          ],
          [
            -3.6581071906281792,
            40.59018315448897
          ],
          [
            -3.657767181459501,
            40.58998314845041
          ],
          [
            -3.657557175796494,
            40.58985314452534
          ],
          [
            -3.657447172830157,
            40.58978314241185
          ],
          [
            -3.657317169324486,
            40.58971314029835
          ],
          [
            -3.656967159886141,
            40.58953313486365
          ],
          [
            -3.656127137234113,
            40.58909312157881
          ],
          [
            -3.65603713480711,
            40.58897311795568
          ],
          [
            -3.655927131840773,
            40.58883311372869
          ],
          [
            -3.6558071286047693,
            40.58867310889784
          ],
          [
            -3.655627123750763,
            40.58842310134964
          ],
          [
            -3.65543711862709,
            40.588183094103364
          ],
          [
            -3.655297114851752,
            40.588003088668664
          ],
          [
            -3.655117109997746,
            40.58778308202625
          ],
          [
            -3.655027107570743,
            40.587593076289615
          ],
          [
            -3.6549371051437403,
            40.58739307025105
          ],
          [
            -3.654867103256071,
            40.58725306602406
          ],
          [
            -3.654817101907736,
            40.58714306270286
          ],
          [
            -3.654757100289734,
            40.587003058475865
          ],
          [
            -3.654647097323397,
            40.58678305183345
          ],
          [
            -3.654547094626727,
            40.58657304549296
          ],
          [
            -3.6544970932783922,
            40.58647304247368
          ],
          [
            -3.654407090851389,
            40.586303037340905
          ],
          [
            -3.654347089233387,
            40.58619303401969
          ],
          [
            -3.6542970878850523,
            40.586043029490774
          ],
          [
            -3.654277087345718,
            40.58596302707535
          ],
          [
            -3.654257086806384,
            40.58588302465993
          ],
          [
            -3.654227085997383,
            40.58579302194258
          ],
          [
            -3.654177084649048,
            40.585633017111725
          ],
          [
            -3.654147083840047,
            40.58553301409245
          ],
          [
            -3.6541170830310463,
            40.58543301107317
          ],
          [
            -3.654067081682711,
            40.58527300624232
          ],
          [
            -3.654007080064709,
            40.58507300020376
          ],
          [
            -3.653967078986041,
            40.58496299688255
          ],
          [
            -3.6538770765590383,
            40.58473298993821
          ],
          [
            -3.653807074671369,
            40.5845529845035
          ],
          [
            -3.6537370727837,
            40.58436297876687
          ],
          [
            -3.653557067929694,
            40.58389296457626
          ],
          [
            -3.653507066581359,
            40.583752960349265
          ],
          [
            -3.6534670655026913,
            40.583642957028054
          ],
          [
            -3.6532670601093513,
            40.58310294072395
          ],
          [
            -3.653217058761016,
            40.582962936496955
          ],
          [
            -3.65313705660368,
            40.582732929552606
          ],
          [
            -3.653107055794679,
            40.58266292743911
          ],
          [
            -3.6530470541766773,
            40.58250292260826
          ],
          [
            -3.6530170533676762,
            40.582402919588986
          ],
          [
            -3.652897050131672,
            40.58208290992729
          ],
          [
            -3.652777046895668,
            40.581762900265595
          ],
          [
            -3.652717045277666,
            40.581592895132815
          ],
          [
            -3.6526270428506633,
            40.581352887886545
          ],
          [
            -3.652567041232661,
            40.581182882753765
          ],
          [
            -3.652447037996657,
            40.580982876715204
          ],
          [
            -3.6523770361089882,
            40.58086287309207
          ],
          [
            -3.652307034221319,
            40.580742869468935
          ],
          [
            -3.6521970312549823,
            40.5805528637323
          ],
          [
            -3.652077028018978,
            40.580362857995674
          ],
          [
            -3.6519870255919753,
            40.580212853466755
          ],
          [
            -3.651867022355971,
            40.580002847126266
          ],
          [
            -3.6517770199289683,
            40.57982284169156
          ],
          [
            -3.651697017771632,
            40.579692837766494
          ],
          [
            -3.651627015883963,
            40.57957283414336
          ],
          [
            -3.651467011569291,
            40.579302825991306
          ],
          [
            -3.651307007254619,
            40.57902281753732
          ],
          [
            -3.651207004557949,
            40.578842812102614
          ],
          [
            -3.651067000782611,
            40.578602804856345
          ],
          [
            -3.650966998085941,
            40.578432799723565
          ],
          [
            -3.650826994310603,
            40.57818279217537
          ],
          [
            -3.650786993231935,
            40.57811279006187
          ],
          [
            -3.650756992422934,
            40.57807278885416
          ],
          [
            -3.650626988917263,
            40.577962785532954
          ],
          [
            -3.650366981905921,
            40.57772277828668
          ],
          [
            -3.650156976242914,
            40.577522772248116
          ],
          [
            -3.650126975433913,
            40.57751277194619
          ],
          [
            -3.649696963838232,
            40.5773727677192
          ],
          [
            -3.6494269565572233,
            40.57728276500185
          ],
          [
            -3.649306953321219,
            40.57727276469992
          ],
          [
            -3.648506931747859,
            40.57718276198257
          ],
          [
            -3.648016918534176,
            40.57713276047293
          ],
          [
            -3.647696909904832,
            40.57709275926521
          ],
          [
            -3.647386901545155,
            40.57706275835943
          ],
          [
            -3.6468668875224712,
            40.57704275775558
          ],
          [
            -3.646326872960453,
            40.57702275715172
          ],
          [
            -3.6458168592074363,
            40.57700275654786
          ],
          [
            -3.645326845993753,
            40.57698275594401
          ],
          [
            -3.6447468303530672,
            40.576962755340155
          ],
          [
            -3.644626827117063,
            40.576962755340155
          ],
          [
            -3.6445468249597273,
            40.576942754736294
          ],
          [
            -3.643616799880696,
            40.57675274899967
          ],
          [
            -3.642486769408325,
            40.57651274175339
          ],
          [
            -3.642126759700313,
            40.57631273571483
          ],
          [
            -3.6419967561946422,
            40.576232733299406
          ],
          [
            -3.641406740284289,
            40.57590272333579
          ],
          [
            -3.6409367276099402,
            40.57572271790108
          ],
          [
            -3.640476715205258,
            40.57554271246637
          ],
          [
            -3.639576690935228,
            40.575202702200826
          ],
          [
            -3.638306656687519,
            40.57502269676612
          ],
          [
            -3.637046622709477,
            40.574852691633346
          ],
          [
            -3.636666612462131,
            40.574802690123704
          ],
          [
            -3.636216600327116,
            40.57473268801021
          ],
          [
            -3.6352165733604163,
            40.57464268529286
          ],
          [
            -3.634976566888408,
            40.57461268438707
          ],
          [
            -3.634506554214059,
            40.574562682877435
          ],
          [
            -3.634026541270043,
            40.574562682877435
          ],
          [
            -3.633866536955371,
            40.574562682877435
          ],
          [
            -3.633596529674362,
            40.574562682877435
          ],
          [
            -3.633396524281022,
            40.574562682877435
          ],
          [
            -3.633206519157349,
            40.57457268317936
          ],
          [
            -3.632756507022334,
            40.574592683783216
          ],
          [
            -3.6324965000109923,
            40.57460268408514
          ],
          [
            -3.632296494617652,
            40.57460268408514
          ],
          [
            -3.631676477898298,
            40.57477268921792
          ],
          [
            -3.631286467381285,
            40.5748726922372
          ],
          [
            -3.6309664587519412,
            40.57496269495455
          ],
          [
            -3.630416443920256,
            40.574682686500566
          ],
          [
            -3.630056434212244,
            40.5745526825755
          ],
          [
            -3.629616422346896,
            40.574392677744655
          ],
          [
            -3.628916403470206,
            40.57403266687525
          ],
          [
            -3.628566394031861,
            40.57385266144054
          ],
          [
            -3.627826374076503,
            40.573692656609694
          ],
          [
            -3.626126328233113,
            40.57361265419427
          ],
          [
            -3.624886294794405,
            40.57370265691162
          ],
          [
            -3.6248462937157373,
            40.57370265691162
          ],
          [
            -3.6248262931764033,
            40.57372265751548
          ],
          [
            -3.624076272951378,
            40.57431267532923
          ],
          [
            -3.6237762648613683,
            40.57453268197165
          ],
          [
            -3.623656261625364,
            40.574622684689
          ],
          [
            -3.623456256232024,
            40.57477268921792
          ],
          [
            -3.6233262527263532,
            40.5748726922372
          ],
          [
            -3.622846239782337,
            40.57522270280468
          ],
          [
            -3.6225062306136593,
            40.57546271005095
          ],
          [
            -3.6220762190179783,
            40.57577271941072
          ],
          [
            -3.621546204725627,
            40.57627273450712
          ],
          [
            -3.621346199332287,
            40.57646274024375
          ],
          [
            -3.6212361963659503,
            40.57657274356496
          ],
          [
            -3.6203661729049212,
            40.57726276439799
          ],
          [
            -3.6195261502528933,
            40.57792278432524
          ],
          [
            -3.619026136769543,
            40.57832279640236
          ],
          [
            -3.618516123016526,
            40.578722808479476
          ],
          [
            -3.6180561106118443,
            40.579102819952745
          ],
          [
            -3.616216060993116,
            40.58058286463809
          ],
          [
            -3.614796022700402,
            40.58107287943256
          ],
          [
            -3.614196006520382,
            40.58125288486726
          ],
          [
            -3.6132059798233493,
            40.58155289392511
          ],
          [
            -3.612925972272673,
            40.58164289664246
          ],
          [
            -3.611765940991301,
            40.58199290720994
          ],
          [
            -3.610675911597598,
            40.582612925929475
          ],
          [
            -3.609695885170232,
            40.58321294404515
          ],
          [
            -3.609615883012896,
            40.583252945252866
          ],
          [
            -3.6095558813948943,
            40.58328294615865
          ],
          [
            -3.609515880316226,
            40.58335294827214
          ],
          [
            -3.609445878428557,
            40.58335294827214
          ],
          [
            -3.609215872226216,
            40.58350295280106
          ],
          [
            -3.608895863596872,
            40.583642957028054
          ],
          [
            -3.608775860360868,
            40.58382296246276
          ],
          [
            -3.60863585658553,
            40.58401296819939
          ],
          [
            -3.608375849574188,
            40.58398296729361
          ],
          [
            -3.60833584849552,
            40.58398296729361
          ],
          [
            -3.6082958474168523,
            40.58398296729361
          ],
          [
            -3.608265846607851,
            40.583992967595535
          ],
          [
            -3.606295793483452,
            40.58517300322304
          ],
          [
            -3.606265792674451,
            40.585193003826895
          ],
          [
            -3.606245792135117,
            40.58521300443075
          ],
          [
            -3.606215791326116,
            40.585253005638464
          ],
          [
            -3.606075787550778,
            40.58543301107317
          ],
          [
            -3.606045786741777,
            40.585483012582806
          ],
          [
            -3.60603578647211,
            40.585513013488594
          ],
          [
            -3.605995785393442,
            40.58559301590402
          ],
          [
            -3.605905782966439,
            40.58576302103679
          ],
          [
            -3.605845781348437,
            40.585893024961855
          ],
          [
            -3.605725778112433,
            40.5861230319062
          ],
          [
            -3.6055357729887603,
            40.58649304307754
          ],
          [
            -3.605265765707751,
            40.58704305968357
          ],
          [
            -3.605215764359416,
            40.58713306240093
          ],
          [
            -3.605065760314411,
            40.58742307115684
          ],
          [
            -3.604965757617741,
            40.58763307749733
          ],
          [
            -3.604925756539073,
            40.58772308021468
          ],
          [
            -3.604865754921071,
            40.587853084139745
          ],
          [
            -3.604855754651404,
            40.58786308444167
          ],
          [
            -3.604775752494068,
            40.58793308655517
          ],
          [
            -3.604745751685067,
            40.58796308746095
          ],
          [
            -3.6046657495277312,
            40.588033089574445
          ],
          [
            -3.604605747909729,
            40.58808309108409
          ],
          [
            -3.604525745752393,
            40.58815309319758
          ],
          [
            -3.604295739550052,
            40.58833309863229
          ],
          [
            -3.6042557384713843,
            40.58836309953807
          ],
          [
            -3.604205737123049,
            40.588403100745786
          ],
          [
            -3.604095734156712,
            40.588493103463136
          ],
          [
            -3.6040757336173783,
            40.58850310376506
          ],
          [
            -3.603925729572373,
            40.58856310557663
          ],
          [
            -3.603715723909366,
            40.58865310829398
          ],
          [
            -3.6036557222913643,
            40.58867310889784
          ],
          [
            -3.603255711504684,
            40.58883311372869
          ],
          [
            -3.6032357109653503,
            40.588853114332544
          ],
          [
            -3.6032157104260163,
            40.58886311463447
          ],
          [
            -3.60283570017867,
            40.589113122182674
          ],
          [
            -3.602595693706662,
            40.58947313305208
          ],
          [
            -3.6023956883133224,
            40.58976314180799
          ],
          [
            -3.602075679683978,
            40.59024315630054
          ],
          [
            -3.601995677526642,
            40.590453162641026
          ],
          [
            -3.6019556764479743,
            40.59056316596223
          ],
          [
            -3.6019156753693062,
            40.59068316958537
          ],
          [
            -3.601815672672636,
            40.59096317803935
          ],
          [
            -3.601765671324301,
            40.59111318256827
          ],
          [
            -3.6017356705153,
            40.5913731904184
          ],
          [
            -3.6017256702456333,
            40.591453192833825
          ],
          [
            -3.6017056697062992,
            40.59159319706082
          ],
          [
            -3.601685669166965,
            40.59177320249552
          ],
          [
            -3.601665668627631,
            40.59191320672251
          ],
          [
            -3.601655668357964,
            40.59199320913793
          ],
          [
            -3.601625667548963,
            40.592213215780355
          ],
          [
            -3.601655668357964,
            40.59232321910156
          ],
          [
            -3.601695669436632,
            40.59251322483819
          ],
          [
            -3.601755671054634,
            40.592543225743974
          ],
          [
            -3.60183567321197,
            40.59257322664976
          ],
          [
            -3.602625694515663,
            40.59290323661338
          ],
          [
            -3.602945703145007,
            40.593033240538446
          ],
          [
            -3.603155708808014,
            40.59311324295387
          ],
          [
            -3.603225710695683,
            40.593153244161584
          ],
          [
            -3.603255711504684,
            40.59317324476544
          ],
          [
            -3.603375714740688,
            40.59328324808665
          ],
          [
            -3.603465717167691,
            40.59334324989822
          ],
          [
            -3.603595720673362,
            40.593443252917496
          ],
          [
            -3.6036557222913643,
            40.59349325442714
          ],
          [
            -3.603705723639699,
            40.593533255634846
          ],
          [
            -3.603785725797035,
            40.59360325774834
          ],
          [
            -3.6038457274150373,
            40.59364325895606
          ],
          [
            -3.603905729033039,
            40.5936932604657
          ],
          [
            -3.603925729572373,
            40.593703260767626
          ],
          [
            -3.603955730381374,
            40.59373326167341
          ],
          [
            -3.604005731729709,
            40.59378326318305
          ],
          [
            -3.6040457328083773,
            40.59382326439076
          ],
          [
            -3.604115734696046,
            40.59390326680619
          ],
          [
            -3.604155735774714,
            40.59395326831582
          ],
          [
            -3.6042857392803853,
            40.59408327224089
          ],
          [
            -3.604425743055723,
            40.59422327646788
          ],
          [
            -3.604445743595057,
            40.59424327707173
          ],
          [
            -3.604585747370395,
            40.59439328160065
          ],
          [
            -3.604615748179396,
            40.59442328250644
          ],
          [
            -3.604615748179396,
            40.59443328280837
          ],
          [
            -3.604615748179396,
            40.59448328431801
          ],
          [
            -3.604625748449063,
            40.59458328733729
          ],
          [
            -3.604625748449063,
            40.594643289148856
          ],
          [
            -3.604625748449063,
            40.59468329035657
          ],
          [
            -3.604655749258064,
            40.594993299716336
          ],
          [
            -3.604655749258064,
            40.595053301527905
          ],
          [
            -3.604655749258064,
            40.59509330273561
          ],
          [
            -3.604655749258064,
            40.595143304245255
          ],
          [
            -3.604655749258064,
            40.59517330515104
          ],
          [
            -3.604655749258064,
            40.595253307566466
          ],
          [
            -3.604655749258064,
            40.5953033090761
          ],
          [
            -3.604555746561394,
            40.59592332779564
          ],
          [
            -3.604815753572736,
            40.596283338665046
          ],
          [
            -3.604845754381737,
            40.59632333987276
          ],
          [
            -3.6048957557300723,
            40.59639334198626
          ],
          [
            -3.604945757078407,
            40.59646334409975
          ],
          [
            -3.604995758426742,
            40.59653334621325
          ],
          [
            -3.605025759235743,
            40.59657334742096
          ],
          [
            -3.60503575950541,
            40.59659334802482
          ],
          [
            -3.605165763011081,
            40.5966233489306
          ],
          [
            -3.605205764089749,
            40.596633349232526
          ],
          [
            -3.6061657899777813,
            40.596843355573014
          ],
          [
            -3.606665803461131,
            40.596953358894226
          ],
          [
            -3.606755805888134,
            40.59697335949808
          ],
          [
            -3.6068058072364693,
            40.597013360705795
          ],
          [
            -3.606915810202806,
            40.59709336312122
          ],
          [
            -3.606985812090475,
            40.59714336463085
          ],
          [
            -3.607405823416489,
            40.59746337429255
          ],
          [
            -3.607515826382826,
            40.597543376707975
          ],
          [
            -3.607545827191827,
            40.59756337731183
          ],
          [
            -3.607745832585167,
            40.59772338214268
          ],
          [
            -3.60783583501217,
            40.59781338486003
          ],
          [
            -3.6078958366301723,
            40.59788338697353
          ],
          [
            -3.607975838787508,
            40.59797338969088
          ],
          [
            -3.608045840675177,
            40.598043391804374
          ],
          [
            -3.608575854967528,
            40.598593408410416
          ],
          [
            -3.6104059043165893,
            40.59890341777018
          ],
          [
            -3.6114559326316242,
            40.59960343890514
          ],
          [
            -3.612775968227668,
            40.60004345218998
          ],
          [
            -3.614096003823712,
            40.60072347272108
          ],
          [
            -3.615126031599413,
            40.600853476646144
          ],
          [
            -3.616186060184115,
            40.60166350110231
          ],
          [
            -3.616306063420119,
            40.60221351770835
          ],
          [
            -3.6159160529031062,
            40.603193547297295
          ],
          [
            -3.616216060993116,
            40.60390356873418
          ],
          [
            -3.616266062341451,
            40.604003571753466
          ],
          [
            -3.616686073667465,
            40.60476359469999
          ],
          [
            -3.616926080139473,
            40.60529361070218
          ],
          [
            -3.6169760814878082,
            40.60617363727184
          ],
          [
            -3.616616071779796,
            40.60710366535115
          ],
          [
            -3.617126085532813,
            40.60774368467454
          ],
          [
            -3.618216114926516,
            40.60909372543482
          ],
          [
            -3.617976108454508,
            40.60958374022929
          ],
          [
            -3.617786103330835,
            40.610003752910266
          ],
          [
            -3.6176560998251643,
            40.61027376106232
          ],
          [
            -3.6176360992858303,
            40.610303761968105
          ],
          [
            -3.617766102791501,
            40.610893779781854
          ],
          [
            -3.617806103870169,
            40.61114378733006
          ],
          [
            -3.6178261044095033,
            40.61139379487825
          ],
          [
            -3.618096111690512,
            40.61148379759561
          ],
          [
            -3.61843612085919,
            40.61160380121874
          ],
          [
            -3.619066137848211,
            40.61182380786116
          ],
          [
            -3.6195261502528933,
            40.61198381269201
          ],
          [
            -3.619686154567565,
            40.612033814201645
          ],
          [
            -3.61983615861257,
            40.6121938190325
          ],
          [
            -3.6199561618485743,
            40.61231382265563
          ],
          [
            -3.620026163736243,
            40.612403825372986
          ],
          [
            -3.620126166432913,
            40.61250382839226
          ],
          [
            -3.620296171017252,
            40.6126938341289
          ],
          [
            -3.6203661729049212,
            40.612793837148175
          ],
          [
            -3.620426174522923,
            40.612903840469386
          ],
          [
            -3.621076192051278,
            40.61409387639882
          ],
          [
            -3.621176194747948,
            40.614283882135446
          ],
          [
            -3.6212061955569492,
            40.61435388424894
          ],
          [
            -3.621286197714285,
            40.614493888475934
          ],
          [
            -3.621546204725627,
            40.61500390387426
          ],
          [
            -3.621586205804295,
            40.61506390568583
          ],
          [
            -3.621816212006636,
            40.61533391383789
          ],
          [
            -3.622406227916989,
            40.616043935274774
          ],
          [
            -3.622986243557675,
            40.616303943124905
          ],
          [
            -3.6233362529960202,
            40.61646394795575
          ],
          [
            -3.623396254614022,
            40.61649394886154
          ],
          [
            -3.623486257041025,
            40.61653395006925
          ],
          [
            -3.623706262973699,
            40.61663395308853
          ],
          [
            -3.623726263513033,
            40.61664395339046
          ],
          [
            -3.623826266209703,
            40.61666395399431
          ],
          [
            -3.6239662699850412,
            40.616683954598166
          ],
          [
            -3.6246062872437292,
            40.61677395731552
          ],
          [
            -3.624966296951741,
            40.61682395882516
          ],
          [
            -3.625616314480096,
            40.61691396154251
          ],
          [
            -3.62563631501943,
            40.61691396154251
          ],
          [
            -3.6257363177161,
            40.61692396184444
          ],
          [
            -3.62593632310944,
            40.61695396275022
          ],
          [
            -3.626616341446796,
            40.61704396546757
          ],
          [
            -3.6267463449524673,
            40.617063966071434
          ],
          [
            -3.627216357626816,
            40.61732397392156
          ],
          [
            -3.62763636895283,
            40.61755398086591
          ],
          [
            -3.6280463800091773,
            40.61777398750832
          ],
          [
            -3.628096381357512,
            40.617793988112176
          ],
          [
            -3.628176383514848,
            40.617913991735314
          ],
          [
            -3.628346388099187,
            40.61817399958544
          ],
          [
            -3.628406389717189,
            40.618264002302794
          ],
          [
            -3.628406389717189,
            40.61828400290665
          ],
          [
            -3.628406389717189,
            40.618294003208575
          ],
          [
            -3.628406389717189,
            40.61850400954906
          ],
          [
            -3.6284363905261903,
            40.61904402585318
          ],
          [
            -3.628456391065524,
            40.619554041251504
          ],
          [
            -3.628576394301528,
            40.61971404608235
          ],
          [
            -3.6288564018522043,
            40.620104057857546
          ],
          [
            -3.629186410751215,
            40.62056407174623
          ],
          [
            -3.6292864134478853,
            40.62071407627515
          ],
          [
            -3.628956404548874,
            40.62161410344867
          ],
          [
            -3.628756399155534,
            40.62216412005471
          ],
          [
            -3.6286463961891973,
            40.622484129716405
          ],
          [
            -3.629196411020882,
            40.62393417349597
          ],
          [
            -3.629406416683889,
            40.62447418980008
          ],
          [
            -3.629846428549237,
            40.62557422301216
          ],
          [
            -3.630006432863909,
            40.62595423448543
          ],
          [
            -3.629846428549237,
            40.62623424293941
          ],
          [
            -3.629656423425564,
            40.62657425320496
          ],
          [
            -3.629446417762557,
            40.626954264678226
          ],
          [
            -3.629466418301891,
            40.62717427132064
          ],
          [
            -3.6294964191108923,
            40.62750428128427
          ],
          [
            -3.6296864242345652,
            40.627894293059455
          ],
          [
            -3.6299364309762403,
            40.62843430936357
          ],
          [
            -3.630496446077592,
            40.62886432234647
          ],
          [
            -3.630906457133939,
            40.629184332008165
          ],
          [
            -3.63143647142629,
            40.62966434650071
          ],
          [
            -3.631706478707299,
            40.62990435374699
          ],
          [
            -3.631796481134302,
            40.62998435616241
          ],
          [
            -3.632176491381648,
            40.630324366427956
          ],
          [
            -3.632576502168328,
            40.6306943775993
          ],
          [
            -3.632726506213333,
            40.63083438182629
          ],
          [
            -3.6328765102583382,
            40.631084389374486
          ],
          [
            -3.633076515651678,
            40.63141439933811
          ],
          [
            -3.633686532101365,
            40.63244443043669
          ],
          [
            -3.634246547202717,
            40.63338445881793
          ],
          [
            -3.634346549899387,
            40.63356446425263
          ],
          [
            -3.6343665504387213,
            40.63359446515842
          ],
          [
            -3.6343765507083883,
            40.63361446576227
          ],
          [
            -3.6344065515173893,
            40.63364446666806
          ],
          [
            -3.634486553674725,
            40.63372446908348
          ],
          [
            -3.634686559068065,
            40.633924475122036
          ],
          [
            -3.6348265628434033,
            40.6340544790471
          ],
          [
            -3.634916565270406,
            40.63414448176446
          ],
          [
            -3.635076569585078,
            40.63429448629338
          ],
          [
            -3.63533657659642,
            40.63453449353965
          ],
          [
            -3.635576583068428,
            40.63475450018206
          ],
          [
            -3.635706586574099,
            40.634894504409054
          ],
          [
            -3.635776588461768,
            40.634984507126404
          ],
          [
            -3.635986594124775,
            40.63523451467461
          ],
          [
            -3.636026595203443,
            40.63529451648618
          ],
          [
            -3.636126597900113,
            40.63561452614787
          ],
          [
            -3.636176599248448,
            40.63577453097872
          ],
          [
            -3.6362666016754512,
            40.636094540640414
          ],
          [
            -3.636356604102454,
            40.636384549396325
          ],
          [
            -3.636406605450789,
            40.636594555736814
          ],
          [
            -3.6365066081474593,
            40.63693456600237
          ],
          [
            -3.63663661165313,
            40.63695456660622
          ],
          [
            -3.6366966132711323,
            40.63702456871972
          ],
          [
            -3.636826616776803,
            40.63717457324864
          ],
          [
            -3.637066623248811,
            40.63744458140069
          ],
          [
            -3.6373566310691543,
            40.63778459166625
          ],
          [
            -3.637376631608488,
            40.637814592572035
          ],
          [
            -3.637426632956823,
            40.63786459408167
          ],
          [
            -3.637486634574825,
            40.637904595289385
          ],
          [
            -3.6375966375411624,
            40.63797459740288
          ],
          [
            -3.6381766531818482,
            40.638314607668434
          ],
          [
            -3.63833665749652,
            40.63841461068771
          ],
          [
            -3.6386066647775293,
            40.63857461551856
          ],
          [
            -3.639726694980233,
            40.63861461672627
          ],
          [
            -3.639786696598235,
            40.63861461672627
          ],
          [
            -3.6398866992949053,
            40.63861461672627
          ],
          [
            -3.639946700912907,
            40.638604616424345
          ],
          [
            -3.640206707924249,
            40.63856461521663
          ],
          [
            -3.640656720059264,
            40.63848461280121
          ],
          [
            -3.6411367330032802,
            40.638404610385784
          ],
          [
            -3.6417967508013023,
            40.63829460706457
          ],
          [
            -3.6422267623969833,
            40.63822460495108
          ],
          [
            -3.644256817139384,
            40.63827460646072
          ],
          [
            -3.644476823072058,
            40.63809460102602
          ]
        ]
      ]
    ]
  }
}
